libelleOrg;idMemo;typeOrganisme;ancienNom;paysOrg;adresseComplAdresseOrg;adresseVoieNumeroOrg;adresseVoieExtOuIndRepOrg;adresseVoieTypeVoieOrg;adresseVoieNomVoieOrg;adresseMentionsDistribOrg;adresseAcheminPostalCedexOrg;adresseAcheminPostalLibelleCedexOrg;adresseCodePostalOrg;adresseCommuneOrg;adresseCodeInseeOrg;interneMUMuseeDeFrance;natureOrganisme;libelleOffre;typeOffre;themes;horaire;tarifs;conditions;premiereOuverture;ouvertureExceptionnelle;hebdoEstOuvertLundi;hebdoEstOuvertMardi;hebdoEstOuvertMercredi;hebdoEstOuvertJeudi;hebdoEstOuvertVendredi;hebdoEstOuvertSamedi;hebdoEstOuvertDimanche;periodeDateDebut;periodeDateFin;temporaire;joursExceptionnels;gratuit;libelleLieu;typesLieu;batiment;accesHandicapes;adresseComplAdresseLieu;adresseVoieNumeroLieu;adresseVoieExtOuIndRepLieu;adresseVoieTypeVoieLieu;adresseVoieNomVoieLieu;adresseMentionsDistribLieu;adresseAcheminPostalCedexLieu;adresseAcheminPostalLibelleCedexLieu;adresseCodePostalLieu;adresseCommuneLieu;adresseCodeInseeLieu;interneClasse;interneDateClasse;interneInscrit;interneDateInscrit;interneElementClasseOuInscrit;interneEspaceProtege;interneEtendueProtection;paysLieu
 BURGANOV HOUSE;311340;Musées;BURGANOV'S HOUSE;Russie;;15;;;Bolchoi Afanasevskij per;;;;121019;Moskva;;0;;10 лет созданию музея / Programme dédié à 10 ans de la fondation du musée ;Visite du lieu;;19:00 - 02:00;;;0;0;0;0;0;0;0;0;0;40677;40678;1;;1;;;;;;;;;;;;;;;;;;;;;;;
 COLLEGE COLLECTABLES AND FINE ART;313409;Musées;;Royaume-Uni;;;;;;;;;-;Liverpool;;0;;Collage Collectables;Visite du lieu;Autour des collections ;17:00 - 19:00;;;0;0;0;0;0;0;0;0;0;40676;40676;1;;1;;;;;;;;;;;;;;;;;;;;;;;
 DISTRIC MUSEUM IN TORUN;310178;Musées;;Pologne;;1;;;Rynek Staromiejski;;;;87-100;Torun;;0;;150th anniversary of the Museum;Visite du lieu;Autour du bâtiment et de ses espaces|Autour des collections ;18:00 - 00:00;;;0;0;0;0;0;0;0;0;0;40677;40677;1;;1;;;;;;;;;;;;;;;;;;;;;;;
 HADIVADLO THEATER GALLERY;312245;Musées;;Tchèque, République;;8;d;;Alfa pasáž, Poštovská;;;;60200;Brno;;0;;Galerie HaDivadla;Visite du lieu;Autour du spectacle vivant et de la création|Autour des collections ;20:00 - 22:00;;;0;0;0;0;0;0;0;0;0;40677;40677;1;;1;;;;;;;;;;;;;;;;;;;;;;;
 HISTORY AND ART MUSEUM OF J.ROSENTAL;313221;Musées;;Lettonie;;;;;;;;;LV-3801;Saldu;;0;;Guided visit of the museum / Visite guidée du musée;Visite du lieu;Autour des collections ;19:00 - 01:00;;;0;0;0;0;0;0;0;0;0;14/05/11;15/05/11;1;;1;;;;;;;;;;;;;;;;;;;;;;;
 ISTITUZIONE MUSEO CIVICO COMPLESSO MONUMENTALE S. MARIA DEI COMMENDATIS;308323;Musées;;Italie;Maddaloni;197;;via;Nino Bixio;;;;81024;Maddaloni;;0;;La Notte europea dei Musei 2011;Visite du lieu;Autour des collections ;18:00 - 23:00;;;0;0;0;0;0;0;0;0;0;14/05/11;14/05/11;1;;1;;;;;;;;;;;;;;;;;;;;;;;
 JANIS JAUNSUDRABINS MUSEUMS "RIEKSTINI";312525;Musées;;Lettonie;;;;;;;;;LV5118;Nereta;;0;;Performances;Spectacle;Autour du spectacle vivant et de la création;22:00 - 01:00;;;0;0;0;0;0;0;0;0;0;14/05/11;15/05/11;1;;1;;;;;;;;;;;;;;;;;;;;;;;
 JANIS JAUNSUDRABINS MUSEUMS "RIEKSTINI";312525;Musées;;Lettonie;;;;;;;;;LV5118;Nereta;;0;;The closest, the silent- forever neighbours of the museum;Lecture;;19:00 - 22:00;;;0;0;0;0;0;0;0;0;0;14/05/11;14/05/11;1;;1;;;;;;;;;;;;;;;;;;;;;;;
 KALININGRAD REGION ART GALLERY;311274;Musées;;Russie;;60-62;;av;Moscovsky;;;;236006;Kaliningrad;;0;;Ночь музеев 2011 в Художественной галерее;Spectacle;Autour du spectacle vivant et de la création|Autour des collections ;20:00 - 02:00;Цена единого билета на посещение музеев г.Калининграда – 450 рублей;;0;0;0;0;0;0;0;0;0;13/05/11;14/05/11;1;;;;;;;;;;;;;;;;;;;;;;;;;
 KULDIGA DISTRICT MUSEUM ;309288;Musées;;Lettonie;;5;quater;iela;Pils;;;;LV-3301;Kuldiga;;0;;Magic Night of Museums;<Non renseigné>;Autour du bâtiment et de ses espaces|Autour du spectacle vivant et de la création|Autour des collections ;19:00 - 00:00;;;0;0;0;0;0;0;0;0;0;14/05/11;14/05/11;1;;1;;;;;;;;;;;;;;;;;;;;;;;
 KUMU ART MUSEUM - ESTONIAN ART MUSEUM;306690;Musées;;Estonie;;1;;;Weizenbergi 34 / Valge;;;;10127;Tallinn;;0;;Visit of the museum;Visite du lieu;Autour des collections ;18:00 - 23:00;;;0;0;0;0;0;0;0;0;0;14/05/11;14/05/11;1;;1;;;;;;;;;;;;;;;;;;;;;;;
 LA FERME DU CHAMPS BRESSAN - MUSEE DU TERROIR;312495;Musées;;France;;;;;;;;;71470;Romenay;71373;0;;La veillée bressane;<Non renseigné>;;20:00 - 23:00;;;0;0;0;0;0;0;0;0;0;14/05/11;14/05/11;1;;1;;;;;;;;;;;;;;;;;;;;;;;
 LA FERME DU CHAMPS BRESSAN - MUSEE DU TERROIR;312495;Musées;;France;;;;;;;;;71470;Romenay;71373;0;;Visite de la ferme du champ bressan - musée du terroir;Visite du lieu;Autour des collections ;20:00 - 23:00;;;0;0;0;0;0;0;0;0;0;14/05/11;14/05/11;1;;1;;;;;;;;;;;;;;;;;;;;;;;
 LAPMEZCIEMS MUSEUM;309385;Musées;;Lettonie;;4;;iela;Liepu;;;;3118;Lapmezciems;;0;;Concerts;Visite du lieu;Autour des collections ;19:00 - 21:00;;;0;0;0;0;0;0;0;0;0;14/05/11;14/05/11;1;;1;;;;;;;;;;;;;;;;;;;;;;;
 LAPMEZCIEMS MUSEUM;309385;Musées;;Lettonie;;4;;iela;Liepu;;;;3118;Lapmezciems;;0;;Tasting ;<Non renseigné>;Autour d'un public;21:00 - 22:00;;;0;0;0;0;0;0;0;0;0;14/05/11;14/05/11;1;;1;;;;;;;;;;;;;;;;;;;;;;;
 LAPMEZCIEMS MUSEUM;309385;Musées;;Lettonie;;4;;iela;Liepu;;;;3118;Lapmezciems;;0;;Visit of the museum ;Visite du lieu;Autour des collections ;19:00 - 01:00;;;0;0;0;0;0;0;0;0;0;14/05/11;15/05/11;1;;1;;;;;;;;;;;;;;;;;;;;;;;
 LATGALES CULTURE VESTURES MUSEUM;309313;Musées;;Lettonie;;102;;;Atbrivosanas aleja;;;;LV-4600;Rezekne;;0;;Memories from childhooh - History and today’s memories ;Atelier;Autour du bâtiment et de ses espaces|Autour du spectacle vivant et de la création|Autour d'un public|Autour des collections ;19:00 - 01:00;;;0;0;0;0;0;0;0;0;0;14/05/11;15/05/11;1;;1;;;;;;;;;;;;;;;;;;;;;;;
 LATGALES CULTURE VESTURES MUSEUM;309313;Musées;;Lettonie;;102;;;Atbrivosanas aleja;;;;LV-4600;Rezekne;;0;;Self-guided visit ;Visite du lieu;Autour du bâtiment et de ses espaces|Autour du spectacle vivant et de la création|Autour des collections ;19:00 - 01:00;;;0;0;0;0;0;0;0;0;0;14/05/11;15/05/11;1;;1;;;;;;;;;;;;;;;;;;;;;;;
 MENTZENDORFF'S HOUSE MUSEUM;309342;Musées;;Lettonie;;18;;iela;Grecinieku;;;;LV-1050;Riga;;0;;Night of Museums;<Non renseigné>;Autour du spectacle vivant et de la création|Autour des collections ;19:00 - 01:00;;;0;0;0;0;0;0;0;0;0;14/05/11;15/05/11;1;;1;;;;;;;;;;;;;;;;;;;;;;;
 MUSÉE DU PAYS DE LA ZORN;11342;Musées;;France;;12;;rue;du Gal Koenig;;;;67270;Hochfelden;67202;0;;Ouverture exceptionnelle;<Non renseigné>;Autour d'un public|Autour d'un thème régional|Autour des collections ;18:00 - 00:00;;;0;0;0;0;0;0;0;0;0;14/05/11;14/05/11;1;;1;;;;;;;;;;;;;;;;;;;;;;;
 MUSÉE JUDÉO-COMTADIN;70120;Musées;;France;;6;;rue;Hébraïque;;;;84300;Cavaillon;84035;1;;Le musée judéo-comtadin dans la rue;Circuit;Autour du bâtiment et de ses espaces|Autour du spectacle vivant et de la création;19:00 - 00:00;;;0;0;0;0;0;0;0;0;0;14/05/11;14/05/11;1;;1;;;;;;;;;;;;;;;;;;;;;;;
 MUSÉE JUDÉO-COMTADIN;70120;Musées;;France;;6;;rue;Hébraïque;;;;84300;Cavaillon;84035;1;;Visite du musée ;Visite du lieu;Autour du bâtiment et de ses espaces|Autour des collections ;19:30 - 23:00;;;0;0;0;0;0;0;0;0;0;14/05/11;14/05/11;1;;1;;;;;;;;;;;;;;;;;;;;;;;
 MUSEO ARCHEOLOGICO DELLA PENISOLA SORRETINA "GEORGE VALLET";313236;Musées;;Italie;;;;;;;;;80063;Piano di Sorrento ;;0;;"Il Museo ospita il mare: I risultati delle prime indagini di archeologia subacquea in Penisola Sorrentina";Visite du lieu;Autour du bâtiment et de ses espaces|Autour des collections ;20:00 - 02:00;;;0;0;0;0;0;0;0;0;0;14/05/11;15/05/11;1;;1;;;;;;;;;;;;;;;;;;;;;;;
 MUSEUM FOR PUPPET ARTS;313116;Musées;;Estonie;;;;;;;;;10133;Tallinn;;0;;Night of Museums;<Non renseigné>;;18:00 - 23:00;;;0;0;0;0;0;0;0;0;0;14/05/11;14/05/11;1;;1;;;;;;;;;;;;;;;;;;;;;;;
 MUSEUM OF TALLINN TECHNICAL UNIVERSITY;313123;Musées;;Estonie;;;;;;;;;12618;Tallinn;;0;;Night of Museums;<Non renseigné>;;18:00 - 23:00;;;0;0;0;0;0;0;0;0;0;14/05/11;14/05/11;1;;1;;;;;;;;;;;;;;;;;;;;;;;
 MUZEUL UNIVERSITATII BABES-BOLYAI ;310552;Musées;;Roumanie;;4;;str;Mihail Kogalniceanu;;;;400084;Cluj-Napoca;;0;;Vernissage;Exposition temporaire;Autour des collections ;18:00 - 23:00;;;0;0;0;0;0;0;0;0;0;14/05/11;14/05/11;1;;1;;;;;;;;;;;;;;;;;;;;;;;
 NATIONAL MUSEUM OF COTROCENI;310528;Musées;;Roumanie;sector 6;1;;B-dul;Geniului nr;;;;60116;Bucuresti;;0;;Visite guidée  / Guided Visit of the Museum;Visite du lieu;Autour des collections ;18:00 - 00:00;;;0;0;0;0;0;0;0;0;0;14/05/11;14/05/11;1;;1;;;;;;;;;;;;;;;;;;;;;;;
 NATIONAL MUSEUM OF COTROCENI;312907;Musées;;Roumanie;;;;;;;;;60116;Bucuresti;;0;;Night of Museums;Visite du lieu;Autour des collections ;18:00 - 00:00;;;0;0;0;0;0;0;0;0;0;14/05/11;14/05/11;1;;1;;;;;;;;;;;;;;;;;;;;;;;
 NATIONAL MUSEUM OF TATARSTAN REPUBLIC;311590;Musées;;Russie;;2;;;Kremliovskaja;;;;420111;Kazan;;0;; День и ночь в Национальном музее 14 мая / Night and Day in the museum;<Non renseigné>;Autour du bâtiment et de ses espaces|Autour du spectacle vivant et de la création|Autour d'un public|Autour d'un thème régional|Autour des collections ;12:00 - 01:00;Cтудентам и дошкольникам - бесплатно/ 100 руб. (взрослые)/ 50 руб. (школьники)/ 60 руб. (пенсионеры)  ;;0;0;0;0;0;0;0;0;0;14/05/11;15/05/11;1;;;;;;;;;;;;;;;;;;;;;;;;;
 PIEBALGAS MUSEUM 'ORISARE';309269;Musées;;Lettonie;;;;;;;;;LV-4122;Vecpiebalga;;0;;Visit of the museum ;Visite du lieu;Autour des collections ;18:00 - 00:00;;;0;0;0;0;0;0;0;0;0;14/05/11;14/05/11;1;;;;;;;;;;;;;;;;;;;;;;;;;
 RAINIS AND ASPAZIJA CHALET;309285;Musées;;Lettonie;;40729;;street;Pliekšana;;;;LV-2015;Jūrmala;;0;;"Rainis in the circle of neighbours and friends";Visite du lieu;Autour des collections ;22:00 - 23:30;;;0;0;0;0;0;0;0;0;0;14/05/11;14/05/11;1;;1;;;;;;;;;;;;;;;;;;;;;;;
 RAINIS AND ASPAZIJA CHALET;309285;Musées;;Lettonie;;40729;;street;Pliekšana;;;;LV-2015;Jūrmala;;0;;"The Green Neighbours";Visite du lieu;Autour des collections ;20:00 - 22:00;;;0;0;0;0;0;0;0;0;0;14/05/11;14/05/11;1;;1;;;;;;;;;;;;;;;;;;;;;;;
 RAINIS AND ASPAZIJA CHALET;309285;Musées;;Lettonie;;40729;;street;Pliekšana;;;;LV-2015;Jūrmala;;0;;Exhibition;Exposition temporaire;Autour des collections ;19:00 - 01:00;;;0;0;0;0;0;0;0;0;0;14/05/11;15/05/11;1;;1;;;;;;;;;;;;;;;;;;;;;;;
 RAINIS AND ASPAZIJA HOUSE;309357;Musées;;Lettonie;;30;;street;Baznicas;;;;LV-1010;Riga;;0;;"Guests in Rainis and Aspazija house";<Non renseigné>;Autour des collections ;19:00 - 01:00;;;0;0;0;0;0;0;0;0;0;14/05/11;15/05/11;1;;1;;;;;;;;;;;;;;;;;;;;;;;
 SPIS ARTISTS GALLERY;313214;Musées;;Slovaquie;;;;;;;;;5201;Spisska Nova Ves;;0;;Visit of the museum;Visite du lieu;Autour des collections ;0,75;;;0;0;0;0;0;0;0;0;0;14/05/11;14/05/11;1;;;;;;;;;;;;;;;;;;;;;;;;;
"ACADÉMIE FRATELLINI";38419;Organisme de Spectacle;;France;;;;;;;;LA PLAINE ST DENIS;93210;Saint-Denis;93066;0;Pôle cirque;Foté Foré par le Cirque Mandingue;Spectacle;;16 Heures;plein tarif?: 15? / réduit 10? / enfant - 12 ans : 5 euros   Pass famille (2 enfants+2 adultes)?: 25?   Pass famille Plaine Co*?: 20  * habitants des villes de Plaine Commune ;;0;0;0;0;0;0;0;0;0;26/06/11;26/06/11;1;;0;"ACADÉMIE FRATELLINI";;;1;;;;;;;;;93200;Saint-Denis;93066;0;;0;;;;;France
"ENTRE COUR ET JARDIN";693312;Monument ou site;;France;;24;;rue;Léon Jolly;;;SEZANNE;51120;Sézanne;51535;0;;Rendez-vous aux jardins;Visite du lieu;;14h -18h  ;2€/personne  ;;0;0;0;0;0;0;0;1;1;04/06/11;05/06/11;1;;;"ENTRE COUR ET JARDIN";;;0;;24;;rue;Léon Jolly;;;SEZANNE;51120;Sézanne;51535;0;;0;;;;;France
"J'ART-DIN" BESSON;665350;Monument ou site;;France;;13;;rue;du Général de Gaulle;;;BRUMATH;67170;Brumath;67067;0;Monument ou site privé;Accueil par le propriétaire;Visite du lieu;jazz;ven-dim 10h-12h et 14h-18h;;Chiens non admis.  Fumeurs priés de s'abstenir.;0;0;0;0;0;0;1;0;1;03/06/11;05/06/11;1;;1;"J'ART-DIN"BESSON;Parc et jardin;;1;;13;;rue;du Général de Gaulle;;;BRUMATH;67170;Brumath;67067;0;;0;;;;;France
"J'ART-DIN" BESSON;665350;Monument ou site;;France;;13;;rue;du Général de Gaulle;;;BRUMATH;67170;Brumath;67067;0;Monument ou site privé;concert;Spectacle;;dim 15h-16h30;;Chiens non admis.  Fumeurs priés de s'abstenir;0;0;0;0;0;0;0;0;1;03/06/11;05/06/11;1;;1;"J'ART-DIN"BESSON;Parc et jardin;;1;;13;;rue;du Général de Gaulle;;;BRUMATH;67170;Brumath;67067;0;;0;;;;;France
"J'ART-DIN" BESSON;665350;Monument ou site;;France;;13;;rue;du Général de Gaulle;;;BRUMATH;67170;Brumath;67067;0;Monument ou site privé;Visite libre;Visite du lieu;jardins;ve-sa-di 9h-12h, 13h-19h;;;0;0;0;0;0;0;1;1;1;03/06/11;05/06/11;1;;1;"J'ART-DIN"BESSON;Parc et jardin;;1;;13;;rue;du Général de Gaulle;;;BRUMATH;67170;Brumath;67067;0;;0;;;;;France
"J'ART-DIN" BESSON;665350;Monument ou site;;France;;13;;rue;du Général de Gaulle;;;BRUMATH;67170;Brumath;67067;0;Monument ou site privé;Visite libre;Visite du lieu;;10h-12h et 14h-22h;;Chiens non admis.  Fumeurs priés de s'abstenir;0;0;0;0;0;0;0;1;0;03/06/11;05/06/11;1;;1;"J'ART-DIN"BESSON;Parc et jardin;;1;;13;;rue;du Général de Gaulle;;;BRUMATH;67170;Brumath;67067;0;;0;;;;;France
"L'ATELIER D'UN JOURNAL";5418;Musées;Antenne de l'Imprimerie de la Presse;France;;;;;;;;;71500;Louhans;71263;0;;Collection;Offre permanente : musée, salle de lecture;Photographie|Sciences et techniques|Arts décoratifs|Beaux arts|peinture|sculpture;Tous les jours, sauf le mardi, de 14/18h#Fermeture annuelle :;- Réduit : (7-18 ans, groupes adultes, groupes scolaires);;0;0;0;0;0;0;0;0;0;;;;;;"L'ATELIER D'UN JOURNAL";;;0;;;;;;;;;71500;Louhans;71263;0;;0;;;;PROTECTION BATIMENT :  PROTECTION ESPACE :;France
"LA MAISON DE LA FORÊT ET DU BOIS" DE SAINT-MARTIN-EN-BRESSE;5424;Musées;;France;;;;;;;;;71270;Pierre-de-Bresse;71351;0;;Collection;Offre permanente : musée, salle de lecture;Sciences de la nature|botanique|Civilisations européennes|Ethnologie|Habitat|Histoire|locale et régionale;Tous les jours sauf le mardi, de 15h à 19h.#Fermeture annuelle   : le mardi;- Réduit : (7-18 ans, groupes adultes, groupes scolaires);;0;0;0;0;0;0;0;0;0;;;;;;"LA MAISON DE LA FORÊT ET DU BOIS" DE SAINT-MARTIN-EN-BRESSE;;;0;;;;;;;;;71620;Saint-Martin-en-Bresse;71456;0;;0;;;;PROTECTION BATIMENT :  PROTECTION ESPACE :;France
"LA MAISON DU BLÉ ET DU PAIN";5432;Musées;"La Maison du Pain";France;;;;;;;;;71270;Pierre-de-Bresse;71351;1;;Collection;Offre permanente : musée, salle de lecture;Sciences et techniques|Agro-alimentaire|Civilisations européennes|Ethnologie|Histoire|locale et régionale;Tous les jours sauf le mardi, de 15/19h. Ouverture sur demande les mois hors-saison.#Fermeture : le mardi et les mois "hors-saison":#Visite sur rendez-vous : Oui;- Réduit : (7-18 ans, groupes adultes, groupes scolaires);;0;0;0;0;0;0;0;0;0;;;;;;"LA MAISON DU BLÉ ET DU PAIN";;;0;;;;;;;;;71350;Verdun-sur-le-Doubs;71566;0;;0;;;;PROTECTION BATIMENT :  PROTECTION ESPACE :;France
"LA PETITE MAISON";715801;Monument ou site;Centre social Frat' St Prix;France;Petite maison - Point Jeunes;108-110;;rue;d'Ermont;;;ST PRIX;95390;Saint-Prix;95574;0;Monument ou site privé;café jardin;Visite du lieu;;sam, dim  15h- 18h;;;0;1;0;0;0;0;0;1;1;03/06/11;05/06/11;1;;1;JARDIN DANS LA VILLE;Parc et jardin;;1;Petite maison - Point Jeunes;108-110;;rue;d'Ermont;;;ST PRIX;95390;Saint-Prix;95574;0;;0;;;;;France
"LA PETITE MAISON";715801;Monument ou site;Centre social Frat' St Prix;France;Petite maison - Point Jeunes;108-110;;rue;d'Ermont;;;ST PRIX;95390;Saint-Prix;95574;0;Monument ou site privé;Jazz Band au jardin;Atelier;;sam 15h - 18h;;;0;1;0;0;0;0;0;1;0;03/06/11;05/06/11;1;;1;JARDIN DANS LA VILLE;Parc et jardin;;1;Petite maison - Point Jeunes;108-110;;rue;d'Ermont;;;ST PRIX;95390;Saint-Prix;95574;0;;0;;;;;France
"LA PETITE MAISON";715801;Monument ou site;Centre social Frat' St Prix;France;Petite maison - Point Jeunes;108-110;;rue;d'Ermont;;;ST PRIX;95390;Saint-Prix;95574;0;Monument ou site privé;pour le public scolaire: "Danse la terre";Atelier;;ven;;Se renseigner au 01 39 59 81 65 ou fraternite.st.jean@wanadoo.fr;0;1;0;0;0;0;1;0;0;03/06/11;05/06/11;1;;1;JARDIN DANS LA VILLE;Parc et jardin;;1;Petite maison - Point Jeunes;108-110;;rue;d'Ermont;;;ST PRIX;95390;Saint-Prix;95574;0;;0;;;;;France
"LA PETITE MAISON";715801;Monument ou site;Centre social Frat' St Prix;France;Petite maison - Point Jeunes;108-110;;rue;d'Ermont;;;ST PRIX;95390;Saint-Prix;95574;0;Monument ou site privé;Visite libre;Visite du lieu;;sam, dim 14h-18h;;;0;1;0;0;0;0;1;1;1;03/06/11;05/06/11;1;;1;JARDIN DANS LA VILLE;Parc et jardin;;1;Petite maison - Point Jeunes;108-110;;rue;d'Ermont;;;ST PRIX;95390;Saint-Prix;95574;0;;0;;;;;France
"LE CYCLOP" DE JEAN TINGUELY, JARDIN D'UN MONSTRE;15742;Monument ou site;;France;Bois des pauvres;;;;;;;;91490;Milly-la-Forêt;91405;0;Autre monument ou site public;Jardins secrets, Secrets de jardins;Visite du lieu;;;;;0;0;0;0;0;0;0;0;0;03/06/11;05/06/11;1;;;"LE CYCLOP" DE JEAN TINGUELY, JARDIN D'UN MONSTRE;Parc et jardin;;0;Bois des pauvres;;;;;;;;91490;Milly-la-Forêt;91405;0;;0;;;;;France
"LE CYCLOP" DE JEAN TINGUELY, JARDIN D'UN MONSTRE;15742;Monument ou site;;France;Bois des pauvres;;;;;;;;91490;Milly-la-Forêt;91405;0;Autre monument ou site public;Jean Tinguely, Niki de Saint-Phalle, Le Cyclop, 1970-90;Visite du lieu;Art contemporain;;;;0;0;0;0;0;0;0;0;0;;;0;;1;"LE CYCLOP" DE JEAN TINGUELY, JARDIN D'UN MONSTRE;Parc et jardin;;0;Bois des pauvres;;;;;;;;91490;Milly-la-Forêt;91405;0;;0;;;;;France
"LE CYCLOP" DE JEAN TINGUELY, JARDIN D'UN MONSTRE;15742;Monument ou site;;France;Bois des pauvres;;;;;;;;91490;Milly-la-Forêt;91405;0;Autre monument ou site public;Présentation de l'oeuvre de Tinguely;Visite du lieu;;sam 14h-17h, dim 11h-13h et 14h-17h45;TN : 6 euros. TR : 3,50 euros;;0;0;0;0;0;0;0;1;1;03/06/11;05/06/11;1;;;"LE CYCLOP" DE JEAN TINGUELY, JARDIN D'UN MONSTRE;Parc et jardin;;0;Bois des pauvres;;;;;;;;91490;Milly-la-Forêt;91405;0;;0;;;;;France
"LES FLEURS DU CASSEL" D'UN JARDIN A L'AUTRE;742466;Monument ou site;;France;Le Cassel;;;;Le Mesnil Boeuf;;;ISIGNY LE BUAT;50540;Isigny-le-Buat;50256;0;;Visite libre du jardin "les Fleurs de cassel";Visite du lieu;;Samedi de 15h à 18h30 et dimanche de 10h30 à 12h et de 14h à 18h30;3;;0;0;0;0;0;0;0;0;0;03/06/11;05/06/11;1;;;"LES FLEURS DU CASSEL" D'UN JARDIN A L'AUTRE;;;0;Le Cassel;;;;Le Mesnil Boeuf;;;ISIGNY LE BUAT;50540;Isigny-le-Buat;50256;0;;0;;;;;France
"LES JARDINS DU XXÈME SIÈCLE", CONFÉRENCE;692019;Autres;;France;Conservatoire de Musique et de Danse,;;;Auditorium;Christian Jous;25 rue de la Reine Henriette;;COLOMBES;92700;Colombes;92025;0;;"Quelle protection pour les jardins d'aujourd'hui ?";Conférence (débat, colloque);;Sam 14h30;;;1;0;0;0;0;0;0;1;0;03/06/11;05/06/11;1;;1;"LES JARDINS DU XXÈME SIÈCLE", CONFÉRENCE;;;1;Conservatoire de Musique et de Danse,;;;Auditorium;Christian Jous;25 rue de la Reine Henriette;;COLOMBES;92700;Colombes;92025;0;;0;;;;;France
"MÉMOIRES DE GARRIGUE";670738;Monument ou site;;France;;400;;Route;du Pont du Gard - La Bégude;;;VERS PONT DU GARD;30210;Vers-Pont-du-Gard;30346;0;Autre monument ou site public;Visite libre;Visite du lieu;;ven-sam : 8h-18h  dim : 8h-20h;Forfait site 15 € (5pers.);;0;0;0;0;0;0;1;1;1;03/06/11;05/06/11;1;;;"MÉMOIRES DE GARRIGUE";;;0;;400;;route;du Pont du Gard - La Bégude;;;VERS PONT DU GARD;30210;Vers-Pont-du-Gard;30346;0;;0;;;Site classe;;France
"TOUCH WOOD" LE BOIS D'EN COSTE;69369;Monument ou site;;France;;7D;;impasse;d'En Coste;;;;31330;Larra;31592;0;;Visites guidées;Visite du lieu;;Samedi et dimanche : 14h-18h;;;1;1;0;0;0;0;0;1;1;03/06/11;05/06/11;1;;1;"TOUCH WOOD" LE BOIS D'EN COSTE;;;1;;7D;;impasse;d'En Coste;;;;31330;Larra;31592;0;;0;;;;;France
„TEOHARI GEORGESCU" COUNTY MUSEUM;310558;Musées;;Roumanie;;3;;str;Constantin Dobrogeanu Gherea;;;;800340;Giurgiu;;0;;Night of Museums;Visite du lieu;Autour des collections ;18:00 - 00:00;;;0;0;0;0;0;0;0;0;0;14/05/11;14/05/11;1;;1;;;;;;;;;;;;;;;;;;;;;;;
16_11 URBAN DISTRICT;313002;Musées;;Serbie;;;;;;;;;21000;Novi Sad;;0;;Night of Museums in Novi Sad;Visite du lieu;;18:00 - 02:00;;;0;0;0;0;0;0;0;0;0;14/05/11;15/05/11;1;;1;;;;;;;;;;;;;;;;;;;;;;;
19TH CENTURY TARTU CITIZENS' HOME MUSEUM;306727;Musées;;Estonie;;16;;;Jaani;;;;51007;Tartu;;0;;Visit of the museum;Visite du lieu;Autour des collections ;18:00 - 23:00;;;0;0;0;0;0;0;0;0;0;14/05/11;14/05/11;1;;1;;;;;;;;;;;;;;;;;;;;;;;
1ST WING HISTORICAL CENTRE (1WHC);305755;Musées;;Belgique;La Bruyère,;;;;;;;;1320;Beauvechain;;0;;Visites et animations;Atelier;Autour du spectacle vivant et de la création;10:00 - 17:30;;;0;0;0;0;0;0;0;0;0;15/05/11;15/05/11;1;;1;;;;;;;;;;;;;;;;;;;;;;;
36 LIME STREET;313460;Musées;;Royaume-Uni;;;;;;;;;NE1 2PQ;Ouseburn;;0;;The Late Shows at 36 Lime Street;Atelier;;19:00 - 23:00;;;0;0;0;0;0;0;0;0;0;14/05/11;14/05/11;1;;1;;;;;;;;;;;;;;;;;;;;;;;
40MCUBE;66922;Organisme d'Arts plastiques;40mcube ;France;Centre d'art;48;;avenue;Sergent Maginot;;;RENNES;35000;Rennes;35238;0;Centre d'art contemporain;40mcube fête ses 10 ans;Spectacle;;18h30;entrée libre;;0;0;0;0;0;0;0;0;0;22/04/11;22/04/11;1;;1;40MCUBE;;;1;Centre d'art;48;;avenue;Sergent Maginot;;;RENNES;35000;Rennes;35238;0;;0;;;;;France
40MCUBE;66922;Organisme d'Arts plastiques;40mcube ;France;Centre d'art;48;;avenue;Sergent Maginot;;;RENNES;35000;Rennes;35238;0;Centre d'art contemporain;Black Room;Projection;Cinéma - Multimédia) Cinéma|Cinéma;du mardi au samedi de 14h à 18h;Entrée libre;;0;0;0;0;0;0;0;0;0;01/02/11;28/02/11;1;;1;40MCUBE;;;1;Centre d'art;48;;avenue;Sergent Maginot;;;RENNES;35000;Rennes;35238;0;;0;;;;;France
40MCUBE;66922;Organisme d'Arts plastiques;40mcube ;France;Centre d'art;48;;avenue;Sergent Maginot;;;RENNES;35000;Rennes;35238;0;Centre d'art contemporain;Jonas Dahlberg, Invisible Cities;Exposition temporaire;Art contemporain|Cinéma - Multimédia) Cinéma|Cinéma;Ma-Sa 14h-18h;Entrée libre;;0;0;0;0;0;0;0;0;0;01/04/11;30/04/11;1;;1;40MCUBE;;;1;Centre d'art;48;;avenue;Sergent Maginot;;;RENNES;35000;Rennes;35238;0;;0;;;;;France
40MCUBE;66922;Organisme d'Arts plastiques;40mcube ;France;Centre d'art;48;;avenue;Sergent Maginot;;;RENNES;35000;Rennes;35238;0;Centre d'art contemporain;Résidence - Antoine Dorotte;Exposition temporaire;Art contemporain|Arts - Expos) Design et art contemporain;;;;0;0;0;0;0;0;0;0;0;01/03/10;28/02/11;1;;;40MCUBE;;;1;Centre d'art;48;;avenue;Sergent Maginot;;;RENNES;35000;Rennes;35238;0;;0;;;;;France
40MCUBE;66922;Organisme d'Arts plastiques;40mcube ;France;Centre d'art;48;;avenue;Sergent Maginot;;;RENNES;35000;Rennes;35238;0;Centre d'art contemporain;RN 137 / Douze artistes émergents de Nantes et Rennes;Exposition temporaire;Arts - Expos) Pluridisciplinaire;Ma-Sa 14h-18h;Gratuit;;0;0;0;0;0;0;0;0;0;19/11/11;17/12/11;1;;1;40MCUBE;;;1;Centre d'art;48;;avenue;Sergent Maginot;;;RENNES;35000;Rennes;35238;0;;0;;;;;France
40MCUBE;66922;Organisme d'Arts plastiques;40mcube ;France;Centre d'art;48;;avenue;Sergent Maginot;;;RENNES;35000;Rennes;35238;0;Centre d'art contemporain;Sarah Fauguet & David Cousinard, «We can never go back to Manderley»;Spectacle;Art contemporain|Arts - Expos) Design et art contemporain|Arts - Expos) Peinture, dessin,sculpture|sculpture;Ma-Sa 14h-18h;;;0;0;0;0;0;0;0;0;0;23/04/11;16/07/11;1;;1;40MCUBE;;;1;Centre d'art;48;;avenue;Sergent Maginot;;;RENNES;35000;Rennes;35238;0;;0;;;;;France
40MCUBE;66922;Organisme d'Arts plastiques;40mcube ;France;Centre d'art;48;;avenue;Sergent Maginot;;;RENNES;35000;Rennes;35238;0;Centre d'art contemporain;Smears. Ida Tursic et Wilfried Mille;Exposition temporaire;Art contemporain|Arts - Expos) Design et art contemporain|Beaux arts|peinture;du mardi au samedi de 14h à 18h;Entrée libre;;0;0;0;0;0;0;0;0;0;21/01/11;19/03/11;1;;1;40MCUBE;;;1;Centre d'art;48;;avenue;Sergent Maginot;;;RENNES;35000;Rennes;35238;0;;0;;;;;France
40MCUBE;66922;Organisme d'Arts plastiques;40mcube ;France;Centre d'art;48;;avenue;Sergent Maginot;;;RENNES;35000;Rennes;35238;0;Centre d'art contemporain;Smoke, un film de Fleur Noguera;Projection;Art contemporain|Arts - Expos) Design et art contemporain|Cinéma;Du mardi au samedi de 14h à 18h;Entrée libre;;0;0;0;0;0;0;0;0;0;17/09/11;12/11/11;1;;1;40MCUBE;;;1;Centre d'art;48;;avenue;Sergent Maginot;;;RENNES;35000;Rennes;35238;0;;0;;;;;France
40MCUBE;66922;Organisme d'Arts plastiques;40mcube ;France;Centre d'art;48;;avenue;Sergent Maginot;;;RENNES;35000;Rennes;35238;0;Centre d'art contemporain;Stranger by Green - Yann Gerstberger;Exposition temporaire;Art contemporain|Arts - Expos) Design et art contemporain;Ouvert du mardi au samedi de 14h à 18h. Fermé les jours fériés.;Entrée libre;;0;0;0;0;0;0;0;0;0;17/09/11;22/11/11;1;;1;40MCUBE;;;1;Centre d'art;48;;avenue;Sergent Maginot;;;RENNES;35000;Rennes;35238;0;;0;;;;;France
40MCUBE;66922;Organisme d'Arts plastiques;40mcube ;France;Centre d'art;48;;avenue;Sergent Maginot;;;RENNES;35000;Rennes;35238;0;Centre d'art contemporain;Stripes (2011), Florian et Michaël Quistrebert ;Projection;;Du mardi au samedi de 14h à 18h.  Fermé les jours fériés.  Entrée libre.   Projection en boucle.;;;0;0;0;0;0;0;0;0;0;01/06/11;16/07/11;1;;1;40MCUBE;;;1;Centre d'art;48;;avenue;Sergent Maginot;;;RENNES;35000;Rennes;35238;0;;0;;;;;France
5,25 - RÉSEAU D'ART CONTEMPORAIN EN LIMOUSIN;742759;Organisme d'Arts plastiques;;France;;;;;;;;LIMOGES;87000;Limoges;87085;0;;Les Echappées, art contemporain etc.;Circuit;Art contemporain|Arts - Expos) Design et art contemporain;;Gratuit (circuit à pied) / 8 TR 5 réduit (circuit en bus);;0;0;0;0;0;0;0;0;0;01/01/11;31/12/11;1;;;;;;;;;;;;;;;;;;;;;;;;;
5,25 - RÉSEAU D'ART CONTEMPORAIN EN LIMOUSIN;742759;Organisme d'Arts plastiques;;France;;;;;;;;LIMOGES;87000;Limoges;87085;0;;Les Echappées... à Limoges;Circuit;Art contemporain|Arts - Expos) Design et art contemporain;De 14h30 à 18h;8 TR 5 / gratuit -12ans;;0;0;0;0;0;0;0;0;0;21/05/11;21/05/11;1;;;;;;;;;;;;;;;;;;;;;;;;;
5,25 - RÉSEAU D'ART CONTEMPORAIN EN LIMOUSIN;742759;Organisme d'Arts plastiques;;France;;;;;;;;LIMOGES;87000;Limoges;87085;0;;Les Echappées... en Creuse;Circuit;Art contemporain|Arts - Expos) Design et art contemporain;9h-19h30;8 TR5 / gratuit -12ans + pique-nique à prévoir;;0;0;0;0;0;0;0;0;0;04/06/11;04/06/11;1;;;;;;;;;;;;;;;;;;;;;;;;;
5,25 - RÉSEAU D'ART CONTEMPORAIN EN LIMOUSIN;742759;Organisme d'Arts plastiques;;France;;;;;;;;LIMOGES;87000;Limoges;87085;0;;Les Echappées  en Corrèze;Circuit;Art contemporain|Arts - Expos) Design et art contemporain;9h-19h30;8 TR 5 / gratuit -12ans + pique-nique à prévoir;;0;0;0;0;0;0;0;0;0;28/08/11;28/08/11;1;;;;;;;;;;;;;;;;;;;;;;;;;
5,25 - RÉSEAU D'ART CONTEMPORAIN EN LIMOUSIN;742759;Organisme d'Arts plastiques;;France;;;;;;;;LIMOGES;87000;Limoges;87085;0;;Les Echappées  en Haute Vienne;Circuit;Art contemporain|Arts - Expos) Design et art contemporain;10h-19h30;8 TR 5 / gratuit -12ans + pique-nique à prévoir;;0;0;0;0;0;0;0;0;0;09/07/11;09/07/11;1;;;;;;;;;;;;;;;;;;;;;;;;;
8TH DIVISION COAST DEFENCE'S MUSEUM;310360;Musées;;Pologne;;;;;;;;;75-708;Koszalin;;0;;Night of Museums at Koszalin;Visite du lieu;Autour des collections ;18:00 - 00:00;;;0;0;0;0;0;0;0;0;0;14/05/11;14/05/11;1;;1;;;;;;;;;;;;;;;;;;;;;;;
À LA DÉCOUVERTE DE JARDINS PRIVÉS DE COLOMBES;740281;Autres;;France;Mairie de Colombes, Hêtel de ville;;;Place de la République;;;;COLOMBES;92700;Colombes;92025;0;autres organismes publics;"Jardins privés de Colombes", événement RdV aux jardins et la Journée de l'Environnement;Circuit;Environnement - écologie;sam-dim 11h;;Sur réservation au 01 47 60 83 08  Date d'ouverture des inscriptions le 3 mai 2010;0;1;0;0;0;0;0;1;1;03/06/11;05/06/11;1;;1;;;;;;;;;;;;;;;;;;;;;;;
A LA DÉCOUVERTE DE LA ROCHELLE;31099;Monument ou site;;France;;;;;;;;;17000;La Rochelle;17300;0;;Visites de jardins et animations diverses;Circuit;;Vend, sam et dim;;;0;0;0;0;0;0;0;0;0;04/06/11;05/06/11;1;;1;DIVERS LIEUX DE LA ROCHELLE;;;0;;;;;;;;LA ROCHELLE;17000;La Rochelle;17300;0;;0;;;;;France
À LA DÉCOUVERTE DE SAINTE-MARIE-DE-RÉ;742810;Monument ou site;;France;;;;;;;;STE MARIE DE RE;17740;Sainte-Marie-de-Ré;17360;0;;Circuit à pied ou à vélo;Circuit;;Dim 9h30-12h30/14h30-17h30;;Réservation obligatoire à l'OT - départ de l'OT.;1;1;0;0;0;0;0;0;0;03/06/11;05/06/11;1;;1;À LA DÉCOUVERTE DE SAINTE-MARIE-DE-RÉ;;;0;;;;;;;;STE MARIE DE RE;17740;Sainte-Marie-de-Ré;17360;0;;0;;;;;France
A LA FRANÇAISE;743016;Monument ou site;;France;46/48 route de lyon;;;;;;;MACON;71000;Mâcon;71270;0;;Rendez-vous aux jardins;Visite du lieu;;Vendredi 3 juin:9h-12h / 14h-18h  Samdei 4 juin:9h-12h / 14h-18h  Dimanche 5 juin:10h-18h;;;1;0;0;0;0;0;1;1;1;03/06/11;05/06/11;1;;1;A LA FRANÇAISE;;;1;46/48 route de lyon;;;;;;;MACON;71000;Mâcon;71270;0;;0;;;;;France
A LA MODE ET DU TEXTILE;5453;Musées;;France;;107;;rue;de Rivoli;;;;75001;Paris 1er;75101;1;;Collection;Offre permanente : musée, salle de lecture;Arts décoratifs|Costume;De 11h à 18h. Nocturne le mercredi jusqu'à 21h. Les samedi et dimanche de 10h à 18h.#Fermeture annuelle   : Le lundi et les 1er mai, 25 décembre et 1er janvier.#Ouvert toute l'année : Oui;- Plein : (Tarif unique pour les Musées des Arts Déco., de la Mode et du Textile et de la Publicité.)# - Gratuité : (pour les moins de 18 ans dans les collections permanentes.);;0;0;0;0;0;0;0;0;0;;;;;;MODE ET TEXTILE;;;0;;107;;rue;de Rivoli;;;PARIS;75001;Paris 1er;75101;0;;0;;;;PROTECTION BATIMENT : Classement au titre des Monuments HistoriquesPROTECTION ESPACE : Site Classé;France
À RENOMMER;67478;Monument ou site;doublon;France;;30;;;rue Maurice Gignoux;;;GRENOBLE;38000;Grenoble;38185;0;;Exposition "Vaucanson, l'homme et la machine".;Conférence (débat, colloque);;;;;0;0;0;0;0;0;0;0;0;10/04/10;15/12/11;1;;1;;;;;;;;;;;;;;;;;;;;;;;
A TRAVERS CHANTS;676418;Organisme de Spectacle;;France;;64;;rue;Annie de Pène;;;ROUEN;76000;Rouen;76540;0;;"Mer agitée à peu agitée", conte musical;Spectacle;Musique|Musiques - Concerts) Scènes et concerts;09h30 et 10h30 (spectacle musical petite enfance de 1 à 4 ans);Entrée libre;;0;0;0;0;0;0;0;0;0;17/11/11;17/11/11;1;;1;;;;;;;;;;;;;;;;;;;;;;;
A TRAVERS CHANTS;676418;Organisme de Spectacle;;France;;64;;rue;Annie de Pène;;;ROUEN;76000;Rouen;76540;0;;"Moi, bénévole, acteur engagé et solidaire" - Exposition du secours populaire français;Exposition temporaire;Photographie|Arts - Expos) Photo et vidéo;;;;0;0;0;0;0;0;0;0;0;14/11/11;03/12/11;1;;;;;;;;;;;;;;;;;;;;;;;;;
A TRAVERS CHANTS;676418;Organisme de Spectacle;;France;;64;;rue;Annie de Pène;;;ROUEN;76000;Rouen;76540;0;;Agathe Bloutin | Chorale Delamour | Les d'moiselles;Spectacle;Musique|Musiques - Concerts) Scènes et concerts;À partir de 18h00;Sur invitation;;0;0;0;0;0;0;0;0;0;14/11/11;14/11/11;1;;;;;;;;;;;;;;;;;;;;;;;;;
A TRAVERS CHANTS;676418;Organisme de Spectacle;;France;;64;;rue;Annie de Pène;;;ROUEN;76000;Rouen;76540;0;;Amélie Affagard;Spectacle;Musique|Musiques - Concerts) Scènes et concerts;20h30;TU 6,50;;0;0;0;0;0;0;0;0;0;18/11/11;18/11/11;1;;;;;;;;;;;;;;;;;;;;;;;;;
A TRAVERS CHANTS;676418;Organisme de Spectacle;;France;;64;;rue;Annie de Pène;;;ROUEN;76000;Rouen;76540;0;;Battan L'Otto;Spectacle;Musique|Musiques - Concerts) Scènes et concerts;19h30;5 / 7 / 10;;0;0;0;0;0;0;0;0;0;23/11/11;23/11/11;1;;;;;;;;;;;;;;;;;;;;;;;;;
A TRAVERS CHANTS;676418;Organisme de Spectacle;;France;;64;;rue;Annie de Pène;;;ROUEN;76000;Rouen;76540;0;;Birgit Yew;Spectacle;Musique|Musiques - Concerts) Scènes et concerts;20h30;5 / 7 / 10;;0;0;0;0;0;0;0;0;0;24/11/11;24/11/11;1;;;;;;;;;;;;;;;;;;;;;;;;;
A TRAVERS CHANTS;676418;Organisme de Spectacle;;France;;64;;rue;Annie de Pène;;;ROUEN;76000;Rouen;76540;0;;Boann;Spectacle;Musique|Musiques - Concerts) Scènes et concerts;20h30;Entrée libre;;0;0;0;0;0;0;0;0;0;18/11/11;18/11/11;1;;1;;;;;;;;;;;;;;;;;;;;;;;
A TRAVERS CHANTS;676418;Organisme de Spectacle;;France;;64;;rue;Annie de Pène;;;ROUEN;76000;Rouen;76540;0;;Brigitte;Spectacle;Musique|Musiques - Concerts) Scènes et concerts;20h30;9 / 15 / 18;;0;0;0;0;0;0;0;0;0;25/11/11;25/11/11;1;;;;;;;;;;;;;;;;;;;;;;;;;
A TRAVERS CHANTS;676418;Organisme de Spectacle;;France;;64;;rue;Annie de Pène;;;ROUEN;76000;Rouen;76540;0;;Catherine Perrier;Spectacle;Musique|Musiques - Concerts) Scènes et concerts;19h00;8 / 10 / Gratuit -11 ans;;0;0;0;0;0;0;0;0;0;25/11/11;25/11/11;1;;;;;;;;;;;;;;;;;;;;;;;;;
A TRAVERS CHANTS;676418;Organisme de Spectacle;;France;;64;;rue;Annie de Pène;;;ROUEN;76000;Rouen;76540;0;;Chants d'Elles (12e);Festival, biennale;Musique|Musiques - Concerts) Scènes et concerts;;Tarifs réduits avec le Pass Chants d'elles 5.;;0;0;0;0;0;0;0;0;0;14/11/11;04/12/11;1;;;;;;;;;;;;;;;;;;;;;;;;;
A TRAVERS CHANTS;676418;Organisme de Spectacle;;France;;64;;rue;Annie de Pène;;;ROUEN;76000;Rouen;76540;0;;Dawn Tyler Watson | Mamani Keita;Spectacle;Musique|Musiques - Concerts) Scènes et concerts;20h30;7,50 / 10,80;;0;0;0;0;0;0;0;0;0;24/11/11;24/11/11;1;;;;;;;;;;;;;;;;;;;;;;;;;
A TRAVERS CHANTS;676418;Organisme de Spectacle;;France;;64;;rue;Annie de Pène;;;ROUEN;76000;Rouen;76540;0;;Delphine Morel;Spectacle;Musique|Musiques - Concerts) Scènes et concerts;15h00;10 / 12;;0;0;0;0;0;0;0;0;0;20/11/11;20/11/11;1;;;;;;;;;;;;;;;;;;;;;;;;;
A TRAVERS CHANTS;676418;Organisme de Spectacle;;France;;64;;rue;Annie de Pène;;;ROUEN;76000;Rouen;76540;0;;Florence Marty & Silvia Morini;Spectacle;Musique|Musiques - Concerts) Scènes et concerts;15h00;Entrée libre;;0;0;0;0;0;0;0;0;0;16/11/11;16/11/11;1;;1;;;;;;;;;;;;;;;;;;;;;;;
A TRAVERS CHANTS;676418;Organisme de Spectacle;;France;;64;;rue;Annie de Pène;;;ROUEN;76000;Rouen;76540;0;;Karimouche + Les roues sous un parapluie;Spectacle;Musique|Variété - Chanson|Musiques - Concerts) Scènes et concerts;16h;TN 12 / TR 9;;0;0;0;0;0;0;0;0;0;05/03/11;05/03/11;1;;;;;;;;;;;;;;;;;;;;;;;;;
A TRAVERS CHANTS;676418;Organisme de Spectacle;;France;;64;;rue;Annie de Pène;;;ROUEN;76000;Rouen;76540;0;;L'ensommeilleuse (Compagnie Accords de Voix);Spectacle;Musique|Musiques - Concerts) Scènes et concerts;15h00 (spectacle jeune public, à partir de 3 ans);Gratuit;;0;0;0;0;0;0;0;0;0;16/11/11;16/11/11;1;;1;;;;;;;;;;;;;;;;;;;;;;;
A TRAVERS CHANTS;676418;Organisme de Spectacle;;France;;64;;rue;Annie de Pène;;;ROUEN;76000;Rouen;76540;0;;Le Prince Miiaou | Alina orlova;Spectacle;Musique|Musiques - Concerts) Scènes et concerts;20h30;7,50 / 10,80;;0;0;0;0;0;0;0;0;0;17/11/11;17/11/11;1;;;;;;;;;;;;;;;;;;;;;;;;;
A TRAVERS CHANTS;676418;Organisme de Spectacle;;France;;64;;rue;Annie de Pène;;;ROUEN;76000;Rouen;76540;0;;Marianne Aya Omac | Dawn Tyler Watson;Spectacle;Musique|Musiques - Concerts) Scènes et concerts;20h30;7,40 / 9,40;;0;0;0;0;0;0;0;0;0;25/11/11;25/11/11;1;;;;;;;;;;;;;;;;;;;;;;;;;
A TRAVERS CHANTS;676418;Organisme de Spectacle;;France;;64;;rue;Annie de Pène;;;ROUEN;76000;Rouen;76540;0;;Marie Carrié duo;Spectacle;Musique|Musiques - Concerts) Scènes et concerts;21h00;7 / TÉt 5 / Gratuit -12ans;;0;0;0;0;0;0;0;0;0;25/11/11;25/11/11;1;;;;;;;;;;;;;;;;;;;;;;;;;
A TRAVERS CHANTS;676418;Organisme de Spectacle;;France;;64;;rue;Annie de Pène;;;ROUEN;76000;Rouen;76540;0;;Marita Trio / 32 (1ère Partie);Spectacle;Musique|Musiques - Concerts) Scènes et concerts;20h30;TU 5;;0;0;0;0;0;0;0;0;0;18/11/11;18/11/11;1;;;;;;;;;;;;;;;;;;;;;;;;;
A TRAVERS CHANTS;676418;Organisme de Spectacle;;France;;64;;rue;Annie de Pène;;;ROUEN;76000;Rouen;76540;0;;Maryvonne Le Berre;Spectacle;Musique|Musiques - Concerts) Scènes et concerts;18h30;TU 15;;0;0;0;0;0;0;0;0;0;18/11/11;18/11/11;1;;;;;;;;;;;;;;;;;;;;;;;;;
A TRAVERS CHANTS;676418;Organisme de Spectacle;;France;;64;;rue;Annie de Pène;;;ROUEN;76000;Rouen;76540;0;;Maryvonne Le Berre;Spectacle;Musique|Musiques - Concerts) Scènes et concerts;19h00 (apéro spectacle);TU 8;;0;0;0;0;0;0;0;0;0;19/11/11;19/11/11;1;;;;;;;;;;;;;;;;;;;;;;;;;
A TRAVERS CHANTS;676418;Organisme de Spectacle;;France;;64;;rue;Annie de Pène;;;ROUEN;76000;Rouen;76540;0;;Mélouka Fara;Spectacle;Musique|Musiques - Concerts) Scènes et concerts;18h30;Entrée libre;;0;0;0;0;0;0;0;0;0;25/11/11;25/11/11;1;;1;;;;;;;;;;;;;;;;;;;;;;;
A TRAVERS CHANTS;676418;Organisme de Spectacle;;France;;64;;rue;Annie de Pène;;;ROUEN;76000;Rouen;76540;0;;Natha L (duo);Spectacle;Musique|Musiques - Concerts) Scènes et concerts;15h00;Entrée libre;;0;0;0;0;0;0;0;0;0;23/11/11;23/11/11;1;;1;;;;;;;;;;;;;;;;;;;;;;;
A TRAVERS CHANTS;676418;Organisme de Spectacle;;France;;64;;rue;Annie de Pène;;;ROUEN;76000;Rouen;76540;0;;Véronique Pestel dans un caf' conc' aragon;Spectacle;Musique|Musiques - Concerts) Scènes et concerts;20h30;Entrée libre;;0;0;0;0;0;0;0;0;0;22/11/11;22/11/11;1;;1;;;;;;;;;;;;;;;;;;;;;;;
A TRAVERS CHANTS;676418;Organisme de Spectacle;;France;;64;;rue;Annie de Pène;;;ROUEN;76000;Rouen;76540;0;;Vocelli;Spectacle;Musique|Musiques - Concerts) Scènes et concerts;18h00 & 20h30;5 / 7 / 10;;0;0;0;0;0;0;0;0;0;15/11/11;15/11/11;1;;;;;;;;;;;;;;;;;;;;;;;;;
A TRAVERS CHANTS;676418;Organisme de Spectacle;;France;;64;;rue;Annie de Pène;;;ROUEN;76000;Rouen;76540;0;;Ziaux et Kelka;Spectacle;Musique|Musiques - Concerts) Scènes et concerts;21h00;12 TR 8 ;;0;0;0;0;0;0;0;0;0;19/11/11;19/11/11;1;;;;;;;;;;;;;;;;;;;;;;;;;
A TRAVERS CHANTS;676418;Organisme de Spectacle;;France;;64;;rue;Annie de Pène;;;ROUEN;76000;Rouen;76540;0;;"Les métiers du spectacle au féminin" Pierre Olingue;Exposition temporaire;Photographie|Arts - Expos) Photo et vidéo;;Entrée libre;;0;0;0;0;0;0;0;0;0;14/11/11;03/12/11;1;;1;BUREAU DE L'ASSOCIATION;;;0;;64;;rue;Annie de Pène;;;ROUEN;76000;Rouen;76540;0;;0;;;;;France
A TRAVERS CHANTS;676418;Organisme de Spectacle;;France;;64;;rue;Annie de Pène;;;ROUEN;76000;Rouen;76540;0;;Arsene Lupunk Trio + HK & Les Saltimbanques;Spectacle;Musique|Variété - Chanson|Musiques - Concerts) Scènes et concerts;20h30;TN 12 / TR 9;;0;0;0;0;0;0;0;0;0;11/03/11;11/03/11;1;;;BUREAU DE L'ASSOCIATION;;;0;;64;;rue;Annie de Pène;;;ROUEN;76000;Rouen;76540;0;;0;;;;;France
A TRAVERS CHANTS;676418;Organisme de Spectacle;;France;;64;;rue;Annie de Pène;;;ROUEN;76000;Rouen;76540;0;;Barcelle + From & Ziel;Spectacle;Musique|Variété - Chanson|Musiques - Concerts) Scènes et concerts;20h30;TN 12 / TR 9;;0;0;0;0;0;0;0;0;0;05/03/11;05/03/11;1;;;BUREAU DE L'ASSOCIATION;;;0;;64;;rue;Annie de Pène;;;ROUEN;76000;Rouen;76540;0;;0;;;;;France
A TRAVERS CHANTS;676418;Organisme de Spectacle;;France;;64;;rue;Annie de Pène;;;ROUEN;76000;Rouen;76540;0;;Batlik & Thomas Pitioi + Brigitte;Spectacle;Musique|Variété - Chanson|Musiques - Concerts) Scènes et concerts;20h30;TN 12 / TR 9;;0;0;0;0;0;0;0;0;0;25/03/11;25/03/11;1;;;BUREAU DE L'ASSOCIATION;;;0;;64;;rue;Annie de Pène;;;ROUEN;76000;Rouen;76540;0;;0;;;;;France
A TRAVERS CHANTS;676418;Organisme de Spectacle;;France;;64;;rue;Annie de Pène;;;ROUEN;76000;Rouen;76540;0;;Belle du Berry + Taj;Spectacle;Musique|Variété - Chanson|Musiques - Concerts) Scènes et concerts;20h30;TN 12 / TR 9;;0;0;0;0;0;0;0;0;0;19/03/11;19/03/11;1;;;BUREAU DE L'ASSOCIATION;;;0;;64;;rue;Annie de Pène;;;ROUEN;76000;Rouen;76540;0;;0;;;;;France
A TRAVERS CHANTS;676418;Organisme de Spectacle;;France;;64;;rue;Annie de Pène;;;ROUEN;76000;Rouen;76540;0;;Courir les Rues + Délinquante;Spectacle;Musique|Variété - Chanson|Musiques - Concerts) Scènes et concerts;20h30;TN 12 / TR 9;;0;0;0;0;0;0;0;0;0;26/03/11;26/03/11;1;;;BUREAU DE L'ASSOCIATION;;;0;;64;;rue;Annie de Pène;;;ROUEN;76000;Rouen;76540;0;;0;;;;;France
A TRAVERS CHANTS;676418;Organisme de Spectacle;;France;;64;;rue;Annie de Pène;;;ROUEN;76000;Rouen;76540;0;;Feloche + Buridane;Spectacle;Musique|Variété - Chanson|Musiques - Concerts) Scènes et concerts;20h30;TN 12 / TR 9;;0;0;0;0;0;0;0;0;0;04/03/11;04/03/11;1;;;BUREAU DE L'ASSOCIATION;;;0;;64;;rue;Annie de Pène;;;ROUEN;76000;Rouen;76540;0;;0;;;;;France
A TRAVERS CHANTS;676418;Organisme de Spectacle;;France;;64;;rue;Annie de Pène;;;ROUEN;76000;Rouen;76540;0;;Festival de chanson française;Festival, biennale;Musique|Variété - Chanson|Musiques - Concerts) Scènes et concerts;20h30;TN 12 / TR 9;;0;0;0;0;0;0;0;0;0;04/03/11;26/03/11;1;;;BUREAU DE L'ASSOCIATION;;;0;;64;;rue;Annie de Pène;;;ROUEN;76000;Rouen;76540;0;;0;;;;;France
A TRAVERS CHANTS;676418;Organisme de Spectacle;;France;;64;;rue;Annie de Pène;;;ROUEN;76000;Rouen;76540;0;;Les Rois de la Suède;Spectacle;Musique|Variété - Chanson|Musiques - Concerts) Scènes et concerts;20h30;TN 12 / TR 9;;0;0;0;0;0;0;0;0;0;12/03/11;12/03/11;1;;;BUREAU DE L'ASSOCIATION;;;0;;64;;rue;Annie de Pène;;;ROUEN;76000;Rouen;76540;0;;0;;;;;France
A TRAVERS CHANTS;676418;Organisme de Spectacle;;France;;64;;rue;Annie de Pène;;;ROUEN;76000;Rouen;76540;0;;Zora + Le Pied de la Pompe;Spectacle;Musique|Variété - Chanson|Musiques - Concerts) Scènes et concerts;20h30;TN 12 / TR 9;;0;0;0;0;0;0;0;0;0;18/03/11;18/03/11;1;;;BUREAU DE L'ASSOCIATION;;;0;;64;;rue;Annie de Pène;;;ROUEN;76000;Rouen;76540;0;;0;;;;;France
A-EFF   L'ALSACE BOSSUE;66643;Autres;;France;;10;;rue;Paul Paray;;;DIEMERINGEN;67430;Diemeringen;67095;0;autre association;La Sarre à Contes (9e);Festival, biennale;Littérature - Langues)Livres,littérature|Livre et littérature|conte;;;;0;0;0;0;0;0;0;0;0;15/07/11;14/08/11;1;;;SYNDICAT D'INITIATIVE DE L'ALSACE BOSSUE;;;0;;10;;Route;Paul Paray;;;DIEMERINGEN;67430;Diemeringen;67095;0;;0;;;Parc naturel regional;;France
A.H.TAMMSAARE MUSEUM - CITY MUSEUM;313160;Musées;;Estonie;;;;;;;;;10125;Tallinn;;0;;Visit of the museum;Visite du lieu;Autour des collections ;18:00 - 23:00;;;0;0;0;0;0;0;0;0;0;14/05/11;14/05/11;1;;1;;;;;;;;;;;;;;;;;;;;;;;
A.H.TAMMSAARE MUSEUM IN VARGAMÄE;740608;Musées;;Estonie;;;;;Vetepere küla, Albu vald;;;;73402;Järvamaa;;0;;Night of Museums;<Non renseigné>;;18:00 - 23:00;;;0;0;0;0;0;0;0;0;0;14/05/11;14/05/11;1;;1;;;;;;;;;;;;;;;;;;;;;;;
A.I.D.A. (AGENCE ISÉROISE DE DIFFUSION ARTISTIQUE);742713;Organisme multidisciplinaire;AIDA38;France;;7;;av; des maquis du Grésivaudan;;;LA TRONCHE;38700;La Tronche;38516;0;;7 images du Diable (Faux et usages de Faust);Spectacle;Musique|musique classique et contemporaine|Musiques - Concerts) Scènes et concerts;Le 22 à 15h & 17h, les 23, 24 & 28 à 15h, le 27 à 17h;de 8 à 15;;0;0;0;0;0;0;0;0;0;22/08/11;22/08/11;1;;;;;;;;;;;;;;;;;;;;;;;;;
A.I.D.A. (AGENCE ISÉROISE DE DIFFUSION ARTISTIQUE);742713;Organisme multidisciplinaire;AIDA38;France;;7;;av; des maquis du Grésivaudan;;;LA TRONCHE;38700;La Tronche;38516;0;;Anima Eterna Brugge;Spectacle;Musique|musique classique et contemporaine|Musiques - Concerts) Scènes et concerts;21h;de 15 à 45;;0;0;0;0;0;0;0;0;0;24/08/11;24/08/11;1;;;;;;;;;;;;;;;;;;;;;;;;;
A.I.D.A. (AGENCE ISÉROISE DE DIFFUSION ARTISTIQUE);742713;Organisme multidisciplinaire;AIDA38;France;;7;;av; des maquis du Grésivaudan;;;LA TRONCHE;38700;La Tronche;38516;0;;Bertrand Chamayou, piano;Spectacle;Musique|musique classique et contemporaine|Musiques - Concerts) Scènes et concerts;17h;de 15 à 30;;0;0;0;0;0;0;0;0;0;20/08/11;20/08/11;1;;;;;;;;;;;;;;;;;;;;;;;;;
A.I.D.A. (AGENCE ISÉROISE DE DIFFUSION ARTISTIQUE);742713;Organisme multidisciplinaire;AIDA38;France;;7;;av; des maquis du Grésivaudan;;;LA TRONCHE;38700;La Tronche;38516;0;;Choeur Britten;Spectacle;Musique|musique classique et contemporaine|Cinéma - Multimédia) Cinéma|Cinéma;17h;de 15 à 30;;0;0;0;0;0;0;0;0;0;25/08/11;25/08/11;1;;;;;;;;;;;;;;;;;;;;;;;;;
A.I.D.A. (AGENCE ISÉROISE DE DIFFUSION ARTISTIQUE);742713;Organisme multidisciplinaire;AIDA38;France;;7;;av; des maquis du Grésivaudan;;;LA TRONCHE;38700;La Tronche;38516;0;;Choeur de Lyon -- Bernard Tétu;Spectacle;Musique|musique classique et contemporaine|Musiques - Concerts) Scènes et concerts;21h;de 15 à 30;;0;0;0;0;0;0;0;0;0;22/08/11;22/08/11;1;;;;;;;;;;;;;;;;;;;;;;;;;
A.I.D.A. (AGENCE ISÉROISE DE DIFFUSION ARTISTIQUE);742713;Organisme multidisciplinaire;AIDA38;France;;7;;av; des maquis du Grésivaudan;;;LA TRONCHE;38700;La Tronche;38516;0;;David Violi, piano;Spectacle;Musique|musique classique et contemporaine|Musiques - Concerts) Scènes et concerts;17h;de 10 à 20;;0;0;0;0;0;0;0;0;0;21/08/11;21/08/11;1;;;;;;;;;;;;;;;;;;;;;;;;;
A.I.D.A. (AGENCE ISÉROISE DE DIFFUSION ARTISTIQUE);742713;Organisme multidisciplinaire;AIDA38;France;;7;;av; des maquis du Grésivaudan;;;LA TRONCHE;38700;La Tronche;38516;0;;Fascinantes Etrangetés;Conférence (débat, colloque);Musique|musique classique et contemporaine|Musiques - Concerts) Scènes et concerts;de 10h à 17h;gratuit;;0;0;0;0;0;0;0;0;0;24/08/11;27/08/11;1;;1;;;;;;;;;;;;;;;;;;;;;;;
A.I.D.A. (AGENCE ISÉROISE DE DIFFUSION ARTISTIQUE);742713;Organisme multidisciplinaire;AIDA38;France;;7;;av; des maquis du Grésivaudan;;;LA TRONCHE;38700;La Tronche;38516;0;;Festiv«Promenade musicale» l Berlioz;Spectacle;Musique|musique classique et contemporaine|Musiques - Concerts) Scènes et concerts;17h;gratuit;;0;0;0;0;0;0;0;0;0;18/08/11;18/08/11;1;;1;;;;;;;;;;;;;;;;;;;;;;;
A.I.D.A. (AGENCE ISÉROISE DE DIFFUSION ARTISTIQUE);742713;Organisme multidisciplinaire;AIDA38;France;;7;;av; des maquis du Grésivaudan;;;LA TRONCHE;38700;La Tronche;38516;0;;Franck Pulcini, trompette;Spectacle;Musique|musique classique et contemporaine|Musiques - Concerts) Scènes et concerts;17h;de 10 à 20;;0;0;0;0;0;0;0;0;0;27/08/11;27/08/11;1;;;;;;;;;;;;;;;;;;;;;;;;;
A.I.D.A. (AGENCE ISÉROISE DE DIFFUSION ARTISTIQUE);742713;Organisme multidisciplinaire;AIDA38;France;;7;;av; des maquis du Grésivaudan;;;LA TRONCHE;38700;La Tronche;38516;0;;La Chambre Philharmonique;Spectacle;Musique|musique classique et contemporaine|Musiques - Concerts) Scènes et concerts;21h;de 20 à 60;;0;0;0;0;0;0;0;0;0;18/08/11;18/08/11;1;;;;;;;;;;;;;;;;;;;;;;;;;
A.I.D.A. (AGENCE ISÉROISE DE DIFFUSION ARTISTIQUE);742713;Organisme multidisciplinaire;AIDA38;France;;06/01/00;;av; des maquis du Grésivaudan;;;LA TRONCHE;38700;La Tronche;38516;0;;Le cauchemar d'Hector // A travers chambres;Spectacle;Musique|musique classique et contemporaine|Musiques - Concerts) Scènes et concerts;15h;gratuit;;0;0;0;0;0;0;0;0;0;21/08/11;21/08/11;1;;1;;;;;;;;;;;;;;;;;;;;;;;
A.I.D.A. (AGENCE ISÉROISE DE DIFFUSION ARTISTIQUE);742713;Organisme multidisciplinaire;AIDA38;France;;7;;av; des maquis du Grésivaudan;;;LA TRONCHE;38700;La Tronche;38516;0;;Le Cauchemar d'Hector // La chasse à la grosse bête;Spectacle;Musique|musique classique et contemporaine|Musiques - Concerts) Scènes et concerts;17h;gratuit;;0;0;0;0;0;0;0;0;0;20/08/11;20/08/11;1;;1;;;;;;;;;;;;;;;;;;;;;;;
A.I.D.A. (AGENCE ISÉROISE DE DIFFUSION ARTISTIQUE);742713;Organisme multidisciplinaire;AIDA38;France;;7;;av; des maquis du Grésivaudan;;;LA TRONCHE;38700;La Tronche;38516;0;;Le cauchemar d'Hector // Ou le retour à la vie;Spectacle;Musique|musique classique et contemporaine|Musiques - Concerts) Scènes et concerts;19h;de 8 à 15;;0;0;0;0;0;0;0;0;0;20/08/11;20/08/11;1;;;;;;;;;;;;;;;;;;;;;;;;;
A.I.D.A. (AGENCE ISÉROISE DE DIFFUSION ARTISTIQUE);742713;Organisme multidisciplinaire;AIDA38;France;;7;;av; des maquis du Grésivaudan;;;LA TRONCHE;38700;La Tronche;38516;0;;Le cauchemar d'Hector // Ou le retour à la vie;Spectacle;Musique|musique classique et contemporaine|Musiques - Concerts) Scènes et concerts;19h;de 8 à 15;;0;0;0;0;0;0;0;0;0;21/08/11;21/08/11;1;;;;;;;;;;;;;;;;;;;;;;;;;
A.I.D.A. (AGENCE ISÉROISE DE DIFFUSION ARTISTIQUE);742713;Organisme multidisciplinaire;AIDA38;France;;7;;av; des maquis du Grésivaudan;;;LA TRONCHE;38700;La Tronche;38516;0;;Le Cercle de l'Harmonie;Spectacle;Musique|musique classique et contemporaine|Musiques - Concerts) Scènes et concerts;21h;de 15 à 45;;0;0;0;0;0;0;0;0;0;19/08/11;19/08/11;1;;;;;;;;;;;;;;;;;;;;;;;;;
A.I.D.A. (AGENCE ISÉROISE DE DIFFUSION ARTISTIQUE);742713;Organisme multidisciplinaire;AIDA38;France;;7;;av; des maquis du Grésivaudan;;;LA TRONCHE;38700;La Tronche;38516;0;;Les Cris de Paris;Spectacle;Musique|musique classique et contemporaine|Musiques - Concerts) Scènes et concerts;21h;de 15 à 30;;0;0;0;0;0;0;0;0;0;21/08/11;21/08/11;1;;;;;;;;;;;;;;;;;;;;;;;;;
A.I.D.A. (AGENCE ISÉROISE DE DIFFUSION ARTISTIQUE);742713;Organisme multidisciplinaire;AIDA38;France;;7;;av; des maquis du Grésivaudan;;;LA TRONCHE;38700;La Tronche;38516;0;;Les Siècles;Spectacle;Musique|musique classique et contemporaine|Musiques - Concerts) Scènes et concerts;19h;de 15 à 45;;0;0;0;0;0;0;0;0;0;20/08/11;20/08/11;1;;;;;;;;;;;;;;;;;;;;;;;;;
A.I.D.A. (AGENCE ISÉROISE DE DIFFUSION ARTISTIQUE);742713;Organisme multidisciplinaire;AIDA38;France;;7;;av; des maquis du Grésivaudan;;;LA TRONCHE;38700;La Tronche;38516;0;;Michaël Lévinas, piano;Spectacle;Musique|musique classique et contemporaine|Musiques - Concerts) Scènes et concerts;17h;de 15 à 30;;0;0;0;0;0;0;0;0;0;26/08/11;26/08/11;1;;;;;;;;;;;;;;;;;;;;;;;;;
A.I.D.A. (AGENCE ISÉROISE DE DIFFUSION ARTISTIQUE);742713;Organisme multidisciplinaire;AIDA38;France;;7;;av; des maquis du Grésivaudan;;;LA TRONCHE;38700;La Tronche;38516;0;;Orchestre de l'Opéra de Reims;Spectacle;Musique|musique classique et contemporaine|Musiques - Concerts) Scènes et concerts;21h;de 15 à 45;;0;0;0;0;0;0;0;0;0;23/08/11;23/08/11;1;;;;;;;;;;;;;;;;;;;;;;;;;
A.I.D.A. (AGENCE ISÉROISE DE DIFFUSION ARTISTIQUE);742713;Organisme multidisciplinaire;AIDA38;France;;7;;av; des maquis du Grésivaudan;;;LA TRONCHE;38700;La Tronche;38516;0;;Orchestre des Pays de Savoie;Spectacle;Musique|musique classique et contemporaine|Musiques - Concerts) Scènes et concerts;21h;de 15 à 45;;0;0;0;0;0;0;0;0;0;25/08/11;25/08/11;1;;;;;;;;;;;;;;;;;;;;;;;;;
A.I.D.A. (AGENCE ISÉROISE DE DIFFUSION ARTISTIQUE);742713;Organisme multidisciplinaire;AIDA38;France;;7;;av; des maquis du Grésivaudan;;;LA TRONCHE;38700;La Tronche;38516;0;;Orchestre Européen Hector Berlioz;Spectacle;Musique|musique classique et contemporaine|Musiques - Concerts) Scènes et concerts;21h;de 20 à 60;;0;0;0;0;0;0;0;0;0;28/08/11;28/08/11;1;;;;;;;;;;;;;;;;;;;;;;;;;
A.I.D.A. (AGENCE ISÉROISE DE DIFFUSION ARTISTIQUE);742713;Organisme multidisciplinaire;AIDA38;France;;7;;av; des maquis du Grésivaudan;;;LA TRONCHE;38700;La Tronche;38516;0;;Orchestre National d'Île de France;Spectacle;Musique|musique classique et contemporaine|Musiques - Concerts) Scènes et concerts;21h;de 15 à 45;;0;0;0;0;0;0;0;0;0;26/08/11;26/08/11;1;;;;;;;;;;;;;;;;;;;;;;;;;
A.I.D.A. (AGENCE ISÉROISE DE DIFFUSION ARTISTIQUE);742713;Organisme multidisciplinaire;AIDA38;France;;7;;av; des maquis du Grésivaudan;;;LA TRONCHE;38700;La Tronche;38516;0;;Orchestre National de Lyon;Spectacle;Musique|musique classique et contemporaine|Musiques - Concerts) Scènes et concerts;21h;de 15 à 45;;0;0;0;0;0;0;0;0;0;27/08/11;27/08/11;1;;;;;;;;;;;;;;;;;;;;;;;;;
A.I.D.A. (AGENCE ISÉROISE DE DIFFUSION ARTISTIQUE);742713;Organisme multidisciplinaire;AIDA38;France;;7;;av; des maquis du Grésivaudan;;;LA TRONCHE;38700;La Tronche;38516;0;;Roger Muraro, piano;Spectacle;Musique|musique classique et contemporaine|Musiques - Concerts) Scènes et concerts;17h;de 15 à 30;;0;0;0;0;0;0;0;0;0;19/08/11;19/08/11;1;;;;;;;;;;;;;;;;;;;;;;;;;
A.I.D.A. (AGENCE ISÉROISE DE DIFFUSION ARTISTIQUE);742713;Organisme multidisciplinaire;AIDA38;France;;7;;av; des maquis du Grésivaudan;;;LA TRONCHE;38700;La Tronche;38516;0;;Scènes de Faust;Spectacle;Musique|musique classique et contemporaine|Musiques - Concerts) Scènes et concerts;17h;de 10 à 20;;0;0;0;0;0;0;0;0;0;23/08/11;23/08/11;1;;;;;;;;;;;;;;;;;;;;;;;;;
A.I.D.A. (AGENCE ISÉROISE DE DIFFUSION ARTISTIQUE);742713;Organisme multidisciplinaire;AIDA38;France;;7;;av; des maquis du Grésivaudan;;;LA TRONCHE;38700;La Tronche;38516;0;;Séance de Minuit : La Beauté du diable, René Clair (1950);Projection;Musique|musique classique et contemporaine|Cinéma - Multimédia) Cinéma|Cinéma;23h;gratuit;;0;0;0;0;0;0;0;0;0;24/08/11;24/08/11;1;;1;;;;;;;;;;;;;;;;;;;;;;;
A.I.D.A. (AGENCE ISÉROISE DE DIFFUSION ARTISTIQUE);742713;Organisme multidisciplinaire;AIDA38;France;;7;;av; des maquis du Grésivaudan;;;LA TRONCHE;38700;La Tronche;38516;0;;Séance de Minuit : Lisztomania, Ken Russel (1975 -- V.O.);Projection;Musique|musique classique et contemporaine|Musiques - Concerts) Scènes et concerts|Cinéma;23h;gratuit;;0;0;0;0;0;0;0;0;0;27/08/11;27/08/11;1;;1;;;;;;;;;;;;;;;;;;;;;;;
A.I.D.A. (AGENCE ISÉROISE DE DIFFUSION ARTISTIQUE);742713;Organisme multidisciplinaire;AIDA38;France;;7;;av; des maquis du Grésivaudan;;;LA TRONCHE;38700;La Tronche;38516;0;;Séance de Minuit : Rapsodica Satanica, Nino Oxilia (1917);Spectacle;Musique|musique classique et contemporaine|Musiques - Concerts) Scènes et concerts|Cinéma;23h;gratuit;;0;0;0;0;0;0;0;0;0;20/08/11;20/08/11;1;;1;;;;;;;;;;;;;;;;;;;;;;;
A.I.D.A. (AGENCE ISÉROISE DE DIFFUSION ARTISTIQUE);742713;Organisme multidisciplinaire;AIDA38;France;;7;;av; des maquis du Grésivaudan;;;LA TRONCHE;38700;La Tronche;38516;0;;Sous le Balcon d'Hector;Spectacle;Musique|musique classique et contemporaine|Musiques - Concerts) Scènes et concerts;19h;gratuit;;0;0;0;0;0;0;0;0;0;23/08/11;28/08/11;1;;1;;;;;;;;;;;;;;;;;;;;;;;
A.I.D.A. (AGENCE ISÉROISE DE DIFFUSION ARTISTIQUE);742713;Organisme multidisciplinaire;AIDA38;France;;7;;av; des maquis du Grésivaudan;;;LA TRONCHE;38700;La Tronche;38516;0;;Trio George Sand;Spectacle;Musique|musique classique et contemporaine|Musiques - Concerts) Scènes et concerts;17h;de 10 à 20;;0;0;0;0;0;0;0;0;0;28/08/11;28/08/11;1;;;;;;;;;;;;;;;;;;;;;;;;;
A.I.D.A. (AGENCE ISÉROISE DE DIFFUSION ARTISTIQUE);742713;Organisme multidisciplinaire;AIDA38;France;;7;;av; des maquis du Grésivaudan;;;LA TRONCHE;38700;La Tronche;38516;0;;Festival Berlioz;Festival, biennale;Musique|musique classique et contemporaine|Musiques - Concerts) Scènes et concerts;15h / 17h/ 19h / 21h / 23h;de 8 à 60;;0;0;0;0;0;0;0;0;0;18/08/11;28/08/11;1;;;AIDA;;;0;;7;;av; des maquis du Grésivaudan;;;LA TRONCHE;38700;La Tronche;38516;0;;0;;;;;France
A.I.D.A. (AGENCE ISÉROISE DE DIFFUSION ARTISTIQUE);742713;Organisme multidisciplinaire;AIDA38;France;;7;;av; des maquis du Grésivaudan;;;LA TRONCHE;38700;La Tronche;38516;0;;Quintette à vent de Paris;Spectacle;Musique|musique classique et contemporaine|Musiques - Concerts) Scènes et concerts;17h;de 10 à 20;;0;0;0;0;0;0;0;0;0;24/08/11;24/08/11;1;;;AIDA;;;0;;7;;av; des maquis du Grésivaudan;;;LA TRONCHE;38700;La Tronche;38516;0;;0;;;;;France
AAAAAAAAAAAAAAAAAAAAAAAAAAAAA;68882;A Typer FOCOL;;France;;;;;;;;PAU;64000;Pau;64445;0;;test 3;Circuit;;;;;0;0;0;0;0;0;0;0;0;;;0;;0;;;;;;;;;;;;;;;;;;;;;;;
ABBATIALE DE SAINT-RIQUIER;19516;Monument ou site;;France;;;;place;de l'église;;;;80135;Saint-Riquier;80716;0;;Jazz sur l'Herbe à Saint-Riquier (27e);Festival, biennale;Musique|jazz|Musiques - Concerts) Scènes et concerts;de 12h30 à 18h30;10 TR 5;;0;0;0;0;0;0;0;0;0;26/06/11;26/06/11;1;;;;;;;;;;;;;;;;;;;;;;;;;
ABBATIALE NOTRE-DAME;25265;Monument ou site;;France;;;;;;;;;27300;Bernay;27056;0;;Démonstration de vitrail dans la salle capitulaire;Atelier;Architecture - Patrimoine) Architecture|Archi - Pat) Patrimoine et monuments|Architecture - Patrimoine) Paysage|Jeune Public) Ateliers;Dim 15h-1730;;;0;0;0;0;0;0;0;0;0;;;0;;;ABBATIALE NOTRE-DAME;Edifice de culte;;0;;;;;;;;;27300;Bernay;27056;1;;0;;;;;France
ABBATIALE NOTRE-DAME;23078;Monument ou site;;France;;;;;;;;;33230;Guîtres;33198;0;;Saison musicale des Amis de l'Abbatiale de Guîtres;Festival, biennale;Musique|Musiques - Concerts) Scènes et concerts;;;;0;0;0;0;0;0;0;0;0;19/06/11;18/09/11;1;;;ABBATIALE NOTRE-DAME;;;0;;;;;;;;GUITRES;33230;Guîtres;33198;1;;0;;;;;France
ABBAYE AUX DAMES;24013;Monument ou site;;France;;;;Place;Reine Mathilde;BP 523;;CAEN CEDEX 1;14035;Caen;14118;0;;Du Baroque au Classique;Spectacle;Musique|musique classique et contemporaine|Musiques - Concerts) Scènes et concerts|Spectacle;le 17/02 à 20h / le 20/02 à 17h;TU 10;;0;0;0;0;0;0;0;0;0;17/02/11;20/02/11;1;;;;;;;;;;;;;;;;;;;;;;;;;
ABBAYE AUX DAMES;24013;Monument ou site;;France;;;;Place;Reine Mathilde;BP 523;;CAEN CEDEX 1;14035;Caen;14118;0;;Récital Piano 4 Mains. Frédéric Aguessy, piano Jeanne-Marie Golse, piano;Spectacle;Musique|musique classique et contemporaine|Musiques - Concerts) Scènes et concerts;le 20/01 à 20h / le 23/01 à 17h;TU 10;;0;0;0;0;0;0;0;0;0;20/01/11;23/01/11;1;;;;;;;;;;;;;;;;;;;;;;;;;
ABBAYE AUX DAMES;24013;Monument ou site;;France;;;;Place;Reine Mathilde;BP 523;;CAEN CEDEX 1;14035;Caen;14118;0;;Récital Piano Accordéon - Jeanne-Marie Golse, piano & Satu Niiranen, accordéon;Spectacle;Musique|Musiques - Concerts) Scènes et concerts;Le 4 à 20h, le 6 à 17h;;;0;0;0;0;0;0;0;0;0;04/11/11;06/11/11;1;;;;;;;;;;;;;;;;;;;;;;;;;
ABBAYE AUX DAMES;24013;Monument ou site;;France;;;;Place;Reine Mathilde;BP 523;;CAEN CEDEX 1;14035;Caen;14118;0;;Penderecki -- Beethoven;Spectacle;Musique|musique classique et contemporaine|Musiques - Concerts) Scènes et concerts|Spectacle;20h;TU 10;;0;0;0;0;0;0;0;0;0;07/04/11;07/04/11;1;;;ABBAYE AUX DAMES;Edifice public|Etablissement monastique|Edifice de culte;;1;;;;Place;Reine Mathilde;;;CAEN CEDEX 1;14035;Caen;14118;1;;0;;;;;France
ABBAYE AUX DAMES;24013;Monument ou site;;France;;;;Place;Reine Mathilde;BP 523;;CAEN CEDEX 1;14035;Caen;14118;0;;Printemps. Jean-Pierre Wallez, direction musicale - L'Ensemble de Basse --Normandie;Spectacle;Musique|musique classique et contemporaine|Musiques - Concerts) Scènes et concerts|Spectacle;20h;TU 10;;0;0;0;0;0;0;0;0;0;12/05/11;12/05/11;1;;;ABBAYE AUX DAMES;Edifice public|Etablissement monastique|Edifice de culte;;1;;;;Place;Reine Mathilde;;;CAEN CEDEX 1;14035;Caen;14118;1;;0;;;;;France
ABBAYE AUX DAMES;24013;Monument ou site;;France;;;;Place;Reine Mathilde;BP 523;;CAEN CEDEX 1;14035;Caen;14118;0;;Schumann -- Dvorak;Spectacle;Musique|musique classique et contemporaine|Musiques - Concerts) Scènes et concerts|Spectacle;20h;TU 10;;0;0;0;0;0;0;0;0;0;30/06/11;30/06/11;1;;;ABBAYE AUX DAMES;Edifice public|Etablissement monastique|Edifice de culte;;1;;;;Place;Reine Mathilde;;;CAEN CEDEX 1;14035;Caen;14118;1;;0;;;;;France
ABBAYE D'ACEY;13592;Monument ou site;;France;;;;;;;;;39350;Vitreux;39581;0;;Jean Ricardon, 48 verrières, 1995;Visite du lieu;Art contemporain|Art religieux (art sacré)|Arts - Expos) Design et art contemporain|Architecture - Patrimoine) Architecture;;;;0;0;0;0;0;0;0;0;0;;;0;;1;ABBAYE D'ACEY;Edifice de culte;;1;;;;;;;;;39350;Vitreux;39581;1;;1;;;;;France
ABBAYE D'ARTHOUS;23181;Monument ou site;;France;;;;;Abbaye d'Arthous;;;;40300;Hastingues;40120;0;;Conférence «Krishna dans la religion et la culture indoue»;Conférence (débat, colloque);Antiquités étrangères|Jeune Public) Ateliers|orientales|Ethnologie;16h;Gratuit;;0;0;0;0;0;0;0;0;0;12/06/11;12/06/11;1;;1;ABBAYE D'ARTHOUS;Edifice de culte;;1;;;;;;;;;40300;Hastingues;40120;1;;0;;;;;France
ABBAYE D'ARTHOUS;23181;Monument ou site;;France;;;;;Abbaye d'Arthous;;;;40300;Hastingues;40120;0;;Conférence «Les peintures rituelles des Saora, une tribue du Centre-Est de l'Inde»;Conférence (débat, colloque);Antiquités étrangères|Jeune Public) Ateliers|orientales|Ethnologie;15h30;Gratuit;;0;0;0;0;0;0;0;0;0;13/06/11;13/06/11;1;;1;ABBAYE D'ARTHOUS;Edifice de culte;;1;;;;;;;;;40300;Hastingues;40120;1;;0;;;;;France
ABBAYE D'ARTHOUS;23181;Monument ou site;;France;;;;;Abbaye d'Arthous;;;;40300;Hastingues;40120;0;;Conférence «Potiers de Molela, faiseurs d'images et faiseurs de pots»;Conférence (débat, colloque);Antiquités étrangères|Jeune Public) Ateliers|orientales|Ethnologie;16h;Gratuit;;0;0;0;0;0;0;0;0;0;11/06/11;11/06/11;1;;1;ABBAYE D'ARTHOUS;Edifice de culte;;1;;;;;;;;;40300;Hastingues;40120;1;;0;;;;;France
ABBAYE D'ARTHOUS;23181;Monument ou site;;France;;;;;Abbaye d'Arthous;;;;40300;Hastingues;40120;0;;Conférence «Potiers et légendes»;Conférence (débat, colloque);Antiquités étrangères|Jeune Public) Ateliers|orientales|Ethnologie;11h;Gratuit;;0;0;0;0;0;0;0;0;0;12/06/11;12/06/11;1;;1;ABBAYE D'ARTHOUS;Edifice de culte;;1;;;;;;;;;40300;Hastingues;40120;1;;0;;;;;France
ABBAYE D'ARTHOUS;23181;Monument ou site;;France;;;;;Abbaye d'Arthous;;;;40300;Hastingues;40120;0;;Exposition Land'Archéo;Exposition temporaire;Art contemporain|Jeune Public) Expositions|Archéologie;10h30-13h & 14h-18h30;4 - Gratuit le 1er dimanche du mois pour tous, gratuit -18 ans;;0;0;0;0;0;0;0;0;0;08/04/11;28/08/11;1;;;ABBAYE D'ARTHOUS;Edifice de culte;;1;;;;;;;;;40300;Hastingues;40120;1;;0;;;;;France
ABBAYE D'ARTHOUS;23181;Monument ou site;;France;;;;;Abbaye d'Arthous;;;;40300;Hastingues;40120;0;;Exposition Terres de Rugby;Exposition temporaire;Archives|Arts - Expos) Pluridisciplinaire|Sport;14h-17h;Gratuit;;0;0;0;0;0;0;0;0;0;01/10/11;11/12/11;1;;1;ABBAYE D'ARTHOUS;Edifice de culte;;1;;;;;;;;;40300;Hastingues;40120;1;;0;;;;;France
ABBAYE D'ARTHOUS;23181;Monument ou site;;France;;;;;Abbaye d'Arthous;;;;40300;Hastingues;40120;0;;Festival international de la Céramique (14e);Festival, biennale;Antiquités étrangères|Arts - Expos) Pluridisciplinaire|orientales;10h-19h;Gratuit;;0;0;0;0;0;0;0;0;0;11/06/11;13/06/11;1;;1;ABBAYE D'ARTHOUS;Edifice de culte;;1;;;;;;;;;40300;Hastingues;40120;1;;0;;;;;France
ABBAYE D'ARTHOUS;23181;Monument ou site;;France;;;;;Abbaye d'Arthous;;;;40300;Hastingues;40120;0;;Journées de l'Archéologie;Conférence (débat, colloque);Période|XXe siècle|Jeune Public) Ateliers|Archéologie;15h;4 (entrée au musée), gratuit -18 ans;;0;0;0;0;0;0;0;0;0;22/05/11;22/05/11;1;;;ABBAYE D'ARTHOUS;Edifice de culte;;1;;;;;;;;;40300;Hastingues;40120;1;;0;;;;;France
ABBAYE DE BEAULIEU, CENTRE D'ART CONTEMPORAIN (CMN);4530;Monument ou site;;France;;;;;;;;;82330;Ginals;82069;0;Monument du Centre des monuments nationaux - monum;Bestiaires;Exposition temporaire;Art contemporain|Arts - Expos) Design et art contemporain;;;;0;0;0;0;0;0;0;0;0;15/04/11;05/06/11;1;;;ABBAYE DE BEAULIEU, CENTRE D'ART CONTEMPORAIN (CMN);;;0;;;;;;;;;82330;Ginals;82069;0;;0;;;;;France