"Région de Bruxelles";"Nom français";"Nom néerlandais";"Type";"Province";"Superficie (km²)";"Population (2008)";"Densité (hab./km²)";"Sections";"Carte"
"Région de Bruxelles";"Anderlecht";"Anderlecht";"Commune";"bruxelles";"17,74";"99 085";"5 585";;
"Région de Bruxelles";"Auderghem";"Oudergem";"Commune";"bruxelles";"9,03";"30 086";"3 332";;
"Région de Bruxelles";"Berchem";"Sint-Agatha-Berchem";"Commune";"bruxelles";"2,95";"20 976";"7 111";;
"Région de Bruxelles";"Berchem-Sainte-Agathe";"Sint-Agatha-Berchem";"Commune";"bruxelles";"2,95";"20 976";"7 111";;
"Région de Bruxelles";"Bruxelles";"Brussel";"Ville";"bruxelles";"32,61";"148 873";"4 565";"Bruxelles, Laeken, Neder-Over-Heembeek, Haren";
"Région de Bruxelles";"Etterbeek";"Etterbeek";"Commune";"bruxelles";"3,15";"42 902";"13 620";;
"Région de Bruxelles";"Evere";"Evere";"Commune";"bruxelles";"5,02";"34 727";"6 918";;
"Région de Bruxelles";"Forest";"Vorst";"Commune";"bruxelles";"6,25";"48 906";"7 825";;
"Région de Bruxelles";"Ganshoren";"Ganshoren";"Commune";"bruxelles";"2,64";"21 743";"8 236";;
"Région de Bruxelles";"Ixelles";"Elsene";"Commune";"bruxelles";"6,34";"79 768";"12 582";;
"Région de Bruxelles";"Jette";"Jette";"Commune";"bruxelles";"5,04";"44 601";"8 849";;
"Région de Bruxelles";"Koekelberg";"Koekelberg";"Commune";"bruxelles";"1,17";"19 020";"16 256";;
"Région de Bruxelles";"Molenbeek";"Sint-Jans-Molenbeek";"Commune";"bruxelles";"5,89";"83 674";"14 206";;
"Région de Bruxelles";"Molenbeek-Saint-Jean";"Sint-Jans-Molenbeek";"Commune";"bruxelles";"5,89";"83 674";"14 206";;
"Région de Bruxelles";"Saint-Gilles";"Sint-Gillis";"Commune";"bruxelles";"2,52";"45 235";"17 950";;
"Région de Bruxelles";"Saint-Josse";"Sint-Joost-ten-Node";"Commune";"bruxelles";"1,14";"24 078";"21 121";;
"Région de Bruxelles";"Saint-Josse-ten-Noode";"Sint-Joost-ten-Node";"Commune";"bruxelles";"1,14";"24 078";"21 121";;
"Région de Bruxelles";"Schaerbeek";"Schaarbeek";"Commune";"bruxelles";"8,14";"116 039";"14 255";;
"Région de Bruxelles";"Uccle";"Ukkel";"Commune";"bruxelles";"22,91";"76 732";"3 349";;
"Région de Bruxelles";"Watermael";"Watermaal-Bosvoorde";"Commune";"bruxelles";"12,93";"24 134";"1 867";;
"Région de Bruxelles";"Watermael-Boitsfort";"Watermaal-Bosvoorde";"Commune";"bruxelles";"12,93";"24 134";"1 867";;
"Région de Bruxelles";"Woluwe-Saint-Lambert";"Sint-Lambrechts-Woluwe";"Commune";"bruxelles";"7,22";"49 261";"6 823";;
"Région de Bruxelles";"Woluwe-Saint-Pierre";"Sint-Pieters-Woluwe";"Commune";"bruxelles";"8,85";"38 651";"4 367";;
"Région wallonne";"Aiseau-Presles";"Aiseau-Presles";"Commune";"Hainaut";"22,19";"10 744";484;"Aiseau, Pont-de-Loup, Presles, Roselies";
"Région wallonne";"Amay";"Amay";"Commune";"Liège";"27,61";"13 280";481;"Amay, Ampsin, Flône, Jehay, Ombret-Rawsa";
"Région wallonne";"Amblève";"Amel";"Commune";"Liège";"125,15";"5 345";43;"Amel (Amblève), Heppenbach, Meyerode";
"Région wallonne";"Andenne";"Andenne";"Ville";"Namur";"86,17";"24 815";288;"Andenne, Bonneville, Coutisse, Landenne, Maizeret, Namêche, Sclayn, Seilles, Thon-Samson, Vezin";
"Région wallonne";"Anderlues";"Anderlues";"Commune";"Hainaut";"17,02";"11 613";682;"Anderlues";
"Région wallonne";"Anhée";"Anhée";"Commune";"Namur";"65,67";"7 014";107;"Anhée, Annevoie-Rouillon, Bioul, Denée, Haut-le-Wastia, Maredret, Salet, Sosoye, Warnant";
"Région wallonne";"Ans";"Ans";"Commune";"Liège";"23,35";"27 550";"1 180";"Alleur, Ans, Loncin, Xhendremael";
"Région wallonne";"Anthisnes";"Anthisnes";"Commune";"Liège";"37,08";"4 003";108;"Anthisnes, Hody, Tavier, Villers-aux-Tours";
"Région wallonne";"Antoing";"Antoing";"Ville";"Hainaut";"31,13";"7 567";243;"Antoing, Bruyelle, Calonne, Fontenoy, Maubray, Péronnes-lez-Antoing";
"Région wallonne";"Arlon";"Aarlen";"Ville";"Luxembourg";"118,64";"26 929";227;"Arlon, Autelbas, Bonnert, Guirsch, Heinsch, Toernich";
"Région wallonne";"Assesse";"Assesse";"Commune";"Namur";"78,16";"6 299";81;"Assesse, Courrière, Crupet, Florée, Maillen, Sart-Bernard, Sorinne-la-Longue";
"Région wallonne";"Ath";"Aat";"Ville";"Hainaut";"126,95";"27 586";217;"Arbre, Ath, Bouvignies, Ghislenghien, Gibecq, Houtaing, Irchonwelz, Isières, Lanquesaint, Ligne, Maffle, Mainvault, Meslin-l'Évêque, Moulbaix, Ormeignies, Ostiches, Rebaix, Villers-Notre-Dame, Villers-Saint-Amand";
"Région wallonne";"Attert";"Attert";"Commune";"Luxembourg";"70,94";"4 656";66;"Attert, Nobressart, Nothomb, Thiaumont, Tontelange";
"Région wallonne";"Aubange";"Aubange";"Commune";"Luxembourg";"45,6";"15 333";336;"Athus, Aubange, Halanzy, Rachecourt";
"Région wallonne";"Aubel";"Aubel";"Commune";"Liège";"18,83";"4 146";220;"Aubel";
"Région wallonne";"Awans";"Awans";"Commune";"Liège";"27,16";"8 758";322;"Awans, Fooz, Hognoul, Othée, Villers-l'Évêque";
"Région wallonne";"Aywaille";"Aywaille";"Commune";"Liège";"79,97";"11 227";140;"Aywaille, Ernonheid, Harzé, Sougné-Remouchamps";
"Région wallonne";"Baelen";"Baelen";"Commune";"Liège";"85,73";"4 156";48;"Baelen, Membach";
"Région wallonne";"Bassenge";"Bitsingen";"Commune";"Liège";"38,17";"8 483";222;"Bassenge, Boirs, Ében-Émael, Glons, Roclenge-sur-Geer, Wonck";
"Région wallonne";"Bastogne";"Bastenaken";"Ville";"Luxembourg";"172,03";"14 577";85;"Bastogne, Longvilly, Noville, Villers-la-Bonne-Eau, Wardin";
"Région wallonne";"Beaumont";"Beaumont";"Ville";"Hainaut";"92,97";"6 815";73;"Barbençon, Beaumont, Leugnies, Leval-Chaudeville, Renlies, Solre-Saint-Géry, Strée, Thirimont";
"Région wallonne";"Beauraing";"Beauraing";"Ville";"Namur";"174,55";"8 540";49;"Baronville, Beauraing, Dion, Felenne, Feschaux, Focant, Froidfontaine, Honnay, Javingue, Martouzin-Neuville, Pondrôme, Vonêche, Wancennes, Wiesme, Winenne";
"Région wallonne";"Beauvechain";"Bevekom";"Commune";"Brabant wallon";"38,58";"6 621";172;"Beauvechain, Hamme-Mille, L'Ecluse, Nodebais, Tourinnes-la-Grosse";
"Région wallonne";"Belœil";"Belœil";"Commune";"Hainaut";"61,55";"13 538";220;"Aubechies, Basècles, Belœil, Ellignies-Sainte-Anne, Grandglise, Quevaucamps, Ramegnies, Stambruges, Thumaide, Wadelincourt";
"Région wallonne";"Berloz";"Berloz";"Commune";"Liège";"14,49";"2 854";197;"Berloz, Corswarem, Rosoux-Crenwick";
"Région wallonne";"Bernissart";"Bernissart";"Commune";"Hainaut";"43,42";"11 612";267;"Bernissart, Blaton, Harchies, Pommerœul, Ville-Pommerœul";
"Région wallonne";"Bertogne";"Bertogne";"Commune";"Luxembourg";"91,67";"3 048";33;"Bertogne, Flamierge, Longchamps";
"Région wallonne";"Bertrix";"Bertrix";"Commune";"Luxembourg";"137,7";"8 211";60;"Auby-sur-Semois, Bertrix, Cugnon, Jehonville, Orgeo";
"Région wallonne";"Beyne-Heusay";"Beyne-Heusay";"Commune";"Liège";"7,32";"11 857";"1 620";"Bellaire, Beyne-Heusay, Moulins-sous-Fléron, Queue-du-Bois";
"Région wallonne";"Bièvre";"Bièvre";"Commune";"Namur";"109,59";"3 162";29;"Baillamont, Bellefontaine, Bièvre, Cornimont, Graide, Gros-Fays, Monceau-en-Ardenne, Naomé, Oizy, Petit-Fays, Six-Planes";
"Région wallonne";"Binche";"Binche";"Ville";"Hainaut";"60,66";"32 675";539;"Battignies, Binche, Bray, Buvrinnes, Épinois, Leval-Trahegnies, Péronnes-lez-Antoing, Ressaix, Waudrez";
"Région wallonne";"Blegny";"Blegny";"Commune";"Liège";"26,07";"13 004";499;"Barchon, Housse, Mortier, Saint-Remy, Saive, Trembleur";
"Région wallonne";"Les Bons Villers";"Les Bons Villers";"Commune";"Hainaut";"42,55";"8 994";211;"Frasnes-lez-Gosselies, Mellet, Rèves, Villers-Perwin, Wayaux";
"Région wallonne";"Bouillon";"Bouillon";"Ville";"Luxembourg";"149,09";"5 501";37;"Bellevaux, Bouillon, Corbion, Dohan, Les Hayons, Noirefontaine, Poupehan, Rochehaut, Sensenruth, Ucimont, Vivy";
"Région wallonne";"Boussu";"Boussu";"Commune";"Hainaut";"20,01";"20 192";"1 009";"Boussu, Hornu";
"Région wallonne";"Braine-l'Alleud";"Eigenbrakel";"Commune";"Brabant wallon";"52,12";"37 728";724;"Braine-l'Alleud, Lillois-Witterzée, Ophain-Bois-Seigneur-Isaac";
"Région wallonne";"Braine-le-Château";"Kasteelbrakel";"Commune";"Brabant wallon";"22,7";"9 580";422;"Braine-le-Château, Wauthier-Braine";
"Région wallonne";"Braine-le-Comte";"s-Gravenbrakel";"Ville";"Hainaut";"84,68";"20 698";244;"Braine-le-Comte, Hennuyères, Henripont, Petit-Rœulx-lez-Braine, Ronquières, Steenkerque";
"Région wallonne";"Braives";"Braives";"Commune";"Liège";44;"5 660";129;"Avennes, Braives, Ciplet, Fallais, Fumal, Latinne, Tourinne, Ville-en-Hesbaye";
"Région wallonne";"Brugelette";"Brugelette";"Commune";"Hainaut";"28,4";"3 446";121;"Attre, Brugelette, Cambron-Casteau, Gages, Mévergnies-lez-Lens";
"Région wallonne";"Brunehaut";"Brunehaut";"Commune";"Hainaut";"46,11";"7 740";168;"Bléharies, Brunehaut (Belgique), Guignies, Hollain, Howardries, Jollain-Merlin, Laplaigne, Lesdain, Rongy, Wez-Velvain";
"Région wallonne";"La Bruyère";"La Bruyère";"Commune";"Namur";"52,98";"8 477";160;"Bovesse, Émines, Meux, Rhisnes, Saint-Denis, Villers-lez-Heest, Warisoulx";
"Région wallonne";"Bullange";"Büllingen";"Commune";"Liège";"150,49";"5 471";36;"Bullange, Manderfeld, Rocherath, Schönberg";
"Région wallonne";"Burdinne";"Burdinne";"Commune";"Liège";"32,57";"2 895";89;"Burdinne, Hannêche, Lamontzée, Marneffe, Oteppe";
"Région wallonne";"Burg-Reuland";"Burg-Reuland";"Commune";"Liège";"108,96";"3 948";36;"Reuland, Thommen";
"Région wallonne";"Butgenbach";"Bütgenbach";"Commune";"Liège";"97,31";"5 610";58;"Butgenbach, Elsenborn";
"Région wallonne";"Celles";"Celles";"Commune";"Hainaut";"67,14";"5 452";81;"Celles, Escanaffles, Molenbaix, Popuelles, Pottes, Velaines";
"Région wallonne";"Cerfontaine";"Cerfontaine";"Commune";"Namur";"83,45";"4 624";55;"Cerfontaine, Daussois, Senzeille, Silenrieux, Soumoy, Villers-Deux-Églises";
"Région wallonne";"Chapelle-lez-Herlaimont";"Chapelle-lez-Herlaimont";"Commune";"Hainaut";"18,1";"14 164";783;"Chapelle-lez-Herlaimont, Godarville, Piéton";
"Région wallonne";"Charleroi";"Charleroi";"Ville";"Hainaut";"102,08";"201 593";"1 975";"Charleroi, Couillet, Dampremy, Gilly, Gosselies, Goutroux, Jumet, Lodelinsart, Marchienne-au-Pont, Marcinelle, Monceau-sur-Sambre, Montignies-sur-Sambre, Mont-sur-Marchienne, Ransart, Roux";
"Région wallonne";"Chastre";"Chastre";"Commune";"Brabant wallon";"31,27";"6 891";220;"Chastre-Villeroux-Blanmont, Cortil-Noirmont, Gentinnes, Saint-Géry";
"Région wallonne";"Châtelet";"Châtelet";"Ville";"Hainaut";"27,03";"35 755";"1 323";"Bouffioulx, Châtelet, Châtelineau";
"Région wallonne";"Chaudfontaine";"Chaudfontaine";"Commune";"Liège";"25,52";"20 940";821;"Beaufays, Chaudfontaine, Embourg, Vaux-sous-Chèvremont";
"Région wallonne";"Chaumont-Gistoux";"Chaumont-Gistoux";"Commune";"Brabant wallon";"48,09";"11 155";232;"Bonlez, Chaumont-Gistoux, Corroy-le-Grand, Dion-Valmont, Longueville";
"Région wallonne";"Chièvres";"Chièvres";"Ville";"Hainaut";"46,91";"6 408";137;"Chièvres, Grosage, Huissignies, Ladeuze, Tongre-Notre-Dame, Tongre-Saint-Martin";
"Région wallonne";"Chimay";"Chimay";"Ville";"Hainaut";"197,1";"9 944";50;"Baileux, Bailièvre, Bourlers, Chimay, Forges, L'Escaillère, Lompret, Rièzes, Robechies, Saint-Remy, Salles, Vaulx, Villers-la-Tour, Virelles";
"Région wallonne";"Chiny";"Chiny";"Ville";"Luxembourg";"113,69";"5 122";45;"Chiny, Izel, Jamoigne, Les Bulles, Suxy, Termes";
"Région wallonne";"Ciney";"Ciney";"Ville";"Namur";"147,56";"15 317";104;"Achêne, Braibant, Chevetogne, Ciney, Conneux, Leignon, Pessoux, Serinchamps, Sovet";
"Région wallonne";"Clavier";"Clavier";"Commune";"Liège";"79,12";"4 266";54;"Bois-et-Borsu, Clavier, Les Avins, Ocquier, Pailhe, Terwagne";
"Région wallonne";"Colfontaine";"Colfontaine";"Commune";"Hainaut";"13,62";"20 044";"1 472";"Pâturages, Warquignies, Wasmes";
"Région wallonne";"Comblain-au-Pont";"Comblain-au-Pont";"Commune";"Liège";"22,68";"5 401";238;"Comblain-au-Pont, Poulseur";
"Région wallonne";"Comines-Warneton";"Komen-Waasten";"Ville";"Hainaut";"61,09";"17 651";289;"Bas-Warneton, Comines, Houthem, Ploegsteert, Warneton";
"Région wallonne";"Courcelles";"Courcelles";"Commune";"Hainaut";"48,04";"30 034";625;"Courcelles, Gouy-lez-Piéton, Souvret, Trazegnies";
"Région wallonne";"Court-Saint-Étienne";"Court-Saint-Etienne";"Commune";"Brabant wallon";"26,64";"9 607";361;"Court-Saint-Étienne";
"Région wallonne";"Couvin";"Couvin";"Ville";"Namur";"206,93";"13 576";66;"Aublain, Boussu-en-Fagne, Le Brûly, Brûly-de-Pesche, Couvin, Cul-des-Sarts, Dailly, Frasnes-lez-Couvin, Gonrieux, Mariembourg, Pesche, Petigny, Petite-Chapelle, Presgaux";
"Région wallonne";"Crisnée";"Crisnée";"Commune";"Liège";"16,83";"2 906";173;"Crisnée, Fize-le-Marsal, Kemexhe, Odeur, Thys";
"Région wallonne";"Dalhem";"Dalhem";"Commune";"Liège";"36,06";"6 647";184;"Berneau, Bombaye, Dalhem, Feneur, Mortroux, Neufchâteau, Saint-André, Warsage";
"Région wallonne";"Daverdisse";"Daverdisse";"Commune";"Luxembourg";"56,4";"1 366";24;"Daverdisse, Gembes, Haut-Fays, Porcheresse";
"Région wallonne";"Dinant";"Dinant";"Ville";"Namur";"99,8";"13 186";132;"Anseremme, Bouvignes-sur-Meuse, Dinant, Dréhance, Falmagne, Falmignoul, Foy-Notre-Dame, Furfooz, Lisogne, Sorinnes, Thynes";
"Région wallonne";"Dison";"Dison";"Commune";"Liège";"14,01";"14 527";"1 037";"Andrimont, Dison";
"Région wallonne";"Doische";"Doische";"Commune";"Namur";"84,02";"2 914";35;"Doische, Gimnée, Gochenée, Matagne-la-Grande, Matagne-la-Petite, Niverlée, Romerée, Soulme, Vaucelles, Vodelée";
"Région wallonne";"Donceel";"Donceel";"Commune";"Liège";"23,31";"2 883";124;"Donceel, Haneffe, Jeneffe, Limont";
"Région wallonne";"Dour";"Dour";"Commune";"Hainaut";"33,32";"16 899";507;"Blaugies, Dour, Élouges, Wihéries";
"Région wallonne";"Durbuy";"Durbuy";"Ville";"Luxembourg";"156,61";"10 780";69;"Barvaux, Bende, Bomal, Borlon, Durbuy, Grandhan, Heyd, Izier, Septon, Tohogne, Villers-Sainte-Gertrude, Wéris";
"Région wallonne";"Écaussinnes";"Écaussinnes";"Commune";"Hainaut";"34,77";"10 373";298;"Écaussinnes-d'Enghien, Écaussinnes-Lalaing, Marche-lez-Écaussinnes";
"Région wallonne";"Éghezée";"Éghezée";"Commune";"Namur";"102,81";"14 742";143;"Aische-en-Refail, Bolinne, Boneffe, Branchon, Dhuy, Éghezée, Hanret, Leuze, Liernu, Longchamps, Mehaigne, Noville-sur-Mehaigne, Saint-Germain, Taviers, Upigny, Waret-la-Chaussée";
"Région wallonne";"Ellezelles";"Elzele";"Commune";"Hainaut";"44,69";"5 784";129;"Ellezelles, Lahamaide, Wodecq";
"Région wallonne";"Enghien";"Edingen";"Ville";"Hainaut";"40,59";"12 481";307;"Enghien, Marcq, Petit-Enghien";
"Région wallonne";"Engis";"Engis";"Commune";"Liège";"27,74";"5 769";208;"Clermont-sous-Huy, Éhein-bas, Engis, Hermalle-sous-Huy";
"Région wallonne";"Érezée";"Érezée";"Commune";"Luxembourg";"78,44";"2 929";37;"Amonines, Érezée, Mormont, Soy";
"Région wallonne";"Erquelinnes";"Erquelinnes";"Commune";"Hainaut";"44,23";"9 607";217;"Bersillies-l'Abbaye, Erquelinnes, Grand-Reng, Hantes-Wihéries, Montignies-Saint-Christophe, Solre-sur-Sambre";
"Région wallonne";"Esneux";"Esneux";"Commune";"Liège";"34,05";"13 065";384;"Esneux, Tilff";
"Région wallonne";"Estaimpuis";"Steenput";"Commune";"Hainaut";"31,75";"9 872";311;"Bailleul, Estaimbourg, Estaimpuis, Évregnies, Leers-Nord, Néchin, Saint-Léger";
"Région wallonne";"Estinnes";"Estinnes";"Commune";"Hainaut";"72,73";"7 502";103;"Croix-lez-Rouveroy, Estinnes-au-Mont, Estinnes-au-Val, Faurœulx, Haulchin, Peissant, Rouveroy, Vellereille-les-Brayeux, Vellereille-le-Sec";
"Région wallonne";"Étalle";"Étalle";"Commune";"Luxembourg";"78,1";"5 469";70;"Buzenol, Chantemelle, Etalle, Sainte-Marie, Vance, Villers-sur-Semois";
"Région wallonne";"Eupen";"Eupen";"Ville";"Liège";"103,74";"18 408";177;"Eupen, Kettenis";
"Région wallonne";"Faimes";"Faimes";"Commune";"Liège";"28,48";"3 614";127;"Aineffe, Borlez, Celles, Les Waleffes, Viemme";
"Région wallonne";"Farciennes";"Farciennes";"Commune";"Hainaut";"10,39";"10 998";"1 059";"Farciennes, Pironchamps";
"Région wallonne";"Fauvillers";"Fauvillers";"Commune";"Luxembourg";"74,11";"2 116";29;"Fauvillers, Hollange, Tintange";
"Région wallonne";"Fernelmont";"Fernelmont";"Commune";"Namur";"65,61";"6 860";105;"Bierwart, Cortil-Wodon, Forville, Franc-Waret, Hemptinne, Hingeon, Marchovelette, Noville-les-Bois, Pontillas, Tillier";
"Région wallonne";"Ferrières";"Ferrières";"Commune";"Liège";"56,9";"4 533";80;"Ferrières, My, Vieuxville, Werbomont, Xhoris";
"Région wallonne";"Fexhe-le-Haut-Clocher";"Fexhe-le-Haut-Clocher";"Commune";"Liège";"19,25";"3 046";158;"Fexhe-le-Haut-Clocher, Freloux, Noville, Roloux, Voroux-Goreux";
"Région wallonne";"Flémalle";"Flémalle";"Commune";"Liège";"36,68";"24 963";681;"Awirs, Cahottes, Chokier, Flémalle, Flémalle-Grande, Flémalle-Haute, Gleixhe, Ivoz-Ramet, Mons-lez-Liège";
"Région wallonne";"Fléron";"Fléron";"Commune";"Liège";"13,72";"16 161";"1 178";"Fléron, Magnée, Retinne, Romsée";
"Région wallonne";"Fleurus";"Fleurus";"Ville";"Hainaut";"59,28";"22 267";376;"Brye, Fleurus, Heppignies, Lambusart, Saint-Amand, Wagnelée, Wanfercée-Baulet, Wangenies";
"Région wallonne";"Flobecq";"Vloesberg";"Commune";"Hainaut";23;"3 287";143;"Flobecq";
"Région wallonne";"Floreffe";"Floreffe";"Commune";"Namur";"38,89";"7 567";195;"Floreffe, Floriffoux, Franière, Soye";
"Région wallonne";"Florennes";"Florennes";"Commune";"Namur";"133,55";"10 882";81;"Corenne, Flavion, Florennes, Hanzinelle, Hanzinne, Hemptinne, Morialmé, Morville, Rosée, Saint-Aubin, Thy-le-Bauduin";
"Région wallonne";"Florenville";"Florenville";"Ville";"Luxembourg";"146,91";"5 446";37;"Chassepierre, Florenville, Fontenoille, Lacuisine, Muno, Sainte-Cécile, Villers-devant-Orval";
"Région wallonne";"Fontaine-l'Évêque";"Fontaine-l'Evêque";"Ville";"Hainaut";"28,41";"16 797";591;"Fontaine-l'Évêque, Forchies-la-Marche, Leernes";
"Région wallonne";"Fosses-la-Ville";"Fosses-la-Ville";"Ville";"Namur";"63,24";"9 476";150;"Aisemont, Fosses-la-Ville, Le Roux, Sart-Eustache, Sart-Saint-Laurent, Vitrival";
"Région wallonne";"Frameries";"Frameries";"Commune";"Hainaut";"25,95";"20 727";799;"Eugies, Frameries, La Bouverie, Noirchain, Sars-la-Bruyère";
"Région wallonne";"Frasnes-lez-Anvaing";"Frasnes-lez-Anvaing";"Commune";"Hainaut";"112,44";"11 064";98;"Anvaing, Arc-Wattripont, Buissenal, Cordes, Dergneau, Forest, Frasnes-lez-Buissenal, Hacquegnies, Herquegies, Montrœul-au-Bois, Moustier, Œudeghien, Saint-Sauveur";
"Région wallonne";"Froidchapelle";"Froidchapelle";"Commune";"Hainaut";"86,03";"3 599";42;"Boussu-lez-Walcourt, Erpion, Fourbechies, Froidchapelle, Vergnies";
"Région wallonne";"Gedinne";"Gedinne";"Commune";"Namur";"151,56";"4 458";29;"Bourseigne-Neuve, Bourseigne-Vieille, Gedinne, Houdremont, Louette-Saint-Denis, Louette-Saint-Pierre, Malvoisin, Patignies, Rienne, Sart-Custinne, Vencimont, Willerzie";
"Région wallonne";"Geer";"Geer";"Commune";"Liège";"23,62";"2 979";126;"Boëlhe, Darion, Geer, Hollogne-sur-Geer, Lens-Saint-Servais, Ligney, Omal";
"Région wallonne";"Gembloux";"Gembloers";"Commune";"Namur";"95,86";"22 430";234;"Beuzet, Bossière, Bothey, Corroy-le-Château, Ernage, Gembloux, Grand-Leez, Grand-Manil, Isnes, Lonzée, Mazy, Sauvenière";
"Région wallonne";"Genappe";"Genepiën";"Ville";"Brabant wallon";"89,57";"14 405";161;"Baisy-Thy, Bousval, Genappe, Glabais, Houtain-le-Val, Loupoigne, Vieux-Genappe, Ways";
"Région wallonne";"Gerpinnes";"Gerpinnes";"Commune";"Hainaut";"47,1";"12 033";255;"Acoz, Gerpinnes, Gougnies, Joncret, Loverval, Villers-Poterie";
"Région wallonne";"Gesves";"Gesves";"Commune";"Namur";"64,92";"6 565";101;"Faulx-les-Tombes, Gesves, Haltinne, Mozet, Sorée";
"Région wallonne";"Gouvy";"Gouvy";"Commune";"Luxembourg";"165,11";"4 826";29;"Beho, Bovigny, Cherain, Limerlé, Montleban";
"Région wallonne";"Grâce-Hollogne";"Grâce-Hollogne";"Commune";"Liège";"34,24";"21 813";637;"Bierset, Grâce-Berleur, Grâce-Hollogne, Hollogne-aux-Pierres, Horion-Hozémont, Mons-lez-Liège, Velroux";
"Région wallonne";"Grez-Doiceau";"Graven";"Commune";"Brabant wallon";"55,44";"12 607";227;"Archennes, Biez, Bossut-Gottechain, Grez-Doiceau, Nethen";
"Région wallonne";"Habay";"Habay";"Commune";"Luxembourg";"103,64";"8 026";77;"Anlier, Habay-la-Neuve, Habay-la-Vieille, Hachy, Houdemont, Marbehan, Rulles";
"Région wallonne";"Ham-sur-Heure-Nalinnes";"Ham-sur-Heure-Nalinnes";"Commune";"Hainaut";"45,68";"13 372";293;"Cour-sur-Heure, Ham-sur-Heure, Jamioulx, Marbaix, Nalinnes";
"Région wallonne";"Hamoir";"Hamoir";"Commune";"Liège";"27,8";"3 620";130;"Comblain-Fairon, Filot, Hamoir";
"Région wallonne";"Hamois";"Hamois";"Commune";"Namur";"76,42";"6 752";88;"Achet, Emptinne, Hamois, Mohiville, Natoye, Schaltin, Scy";
"Région wallonne";"Hannut";"Hannuit";"Ville";"Liège";"86,53";"14 724";170;"Abolens, Avernas-le-Bauduin, Avin, Bertrée, Blehen, Cras-Avernas, Crehen, Grand-Hallet, Hannut, Lens-Saint-Remy, Merdorp, Moxhe, Petit-Hallet, Poucet, Thisnes, Trognée, Villers-le-Peuplier, Wansin";
"Région wallonne";"Hastière";"Hastière";"Commune";"Namur";"56,46";"5 418";96;"Agimont, Blaimont, Hastière-Lavaux, Hastière-par-delà, Heer, Hermeton-sur-Meuse, Waulsort";
"Région wallonne";"Havelange";"Havelange";"Commune";"Namur";"104,73";"4 981";48;"Barvaux-Condroz, Flostoy, Havelange, Jeneffe, Maffe, Méan, Miécret, Porcheresse, Verlée";
"Région wallonne";"Hélécine";"Hélécine";"Commune";"Brabant wallon";"16,62";"3 147";189;"Linsmeau, Neerheylissem, Opheylissem";
"Région wallonne";"Hensies";"Hensies";"Commune";"Hainaut";"25,99";"6 726";259;"Hainin, Hensies, Montrœul-sur-Haine, Thulin";
"Région wallonne";"Herbeumont";"Herbeumont";"Commune";"Luxembourg";"58,81";"1 559";27;"Herbeumont, Saint-Médard, Straimont";
"Région wallonne";"Héron";"Héron";"Commune";"Liège";"38,32";"4 656";122;"Couthuin, Héron (commune), Lavoir, Waret-l'Évêque";
"Région wallonne";"Herstal";"Herstal";"Commune";"Liège";"23,54";"37 685";"1 601";"Herstal, Liers, Milmort, Vottem";
"Région wallonne";"Herve";"Herve";"Ville";"Liège";"56,84";"16 755";295;"Battice, Bolland, Chaineux, Charneux, Grand-Rechain, Herve, Julémont, Xhendelesse";
"Région wallonne";"Honnelles";"Honnelles";"Commune";"Hainaut";"43,65";"5 026";115;"Angre, Angreau, Athis, Autreppe, Erquennes, Fayt-le-Franc, Marchipont, Montignies-sur-Roc, Onnezies, Roisin";
"Région wallonne";"Hotton";"Hotton";"Commune";"Luxembourg";"57,32";"5 109";89;"Fronville, Hampteau, Hotton, Marenne";
"Région wallonne";"Houffalize";"Houffalize";"Ville";"Luxembourg";"166,58";"4 819";29;"Houffalize, Mabompré, Mont, Nadrin, Tailles, Tavigny, Wibrin";
"Région wallonne";"Houyet";"Houyet";"Commune";"Namur";"122,31";"4 494";37;"Celles, Ciergnon, Custinne, Finnevaux, Hour, Houyet, Hulsonniaux, Mesnil-Église, Mesnil-Saint-Blaise, Wanlin";
"Région wallonne";"La Hulpe";"Terhulpen";"Commune";"Brabant wallon";"15,6";"7 344";471;"La Hulpe";
"Région wallonne";"Huy";"Hoei";"Ville";"Liège";"47,74";"20 295";425;"Ben-Ahin, Huy, Tihange";
"Région wallonne";"Incourt";"Incourt";"Commune";"Brabant wallon";"38,79";"4 739";122;"Glimes, Incourt, Opprebais, Piétrebais, Roux-Miroir";
"Région wallonne";"Ittre";"Itter";"Commune";"Brabant wallon";"34,92";"6 137";176;"Haut-Ittre, Ittre, Virginal-Samme";
"Région wallonne";"Jalhay";"Jalhay";"Commune";"Liège";"107,75";"8 040";75;"Jalhay, Sart";
"Région wallonne";"Jemeppe-sur-Sambre";"Jemeppe-sur-Sambre";"Commune";"Namur";"46,8";"18 162";388;"Balâtre, Ham-sur-Sambre, Jemeppe, Mornimont, Moustier, Onoz, Saint-Martin, Spy";
"Région wallonne";"Jodoigne";"Geldenaken";"Ville";"Brabant wallon";"73,31";"12 763";174;"Dongelberg, Jauchelette, Jodoigne, Jodoigne-Souveraine, Lathuy, Mélin, Piétrain, Saint-Jean-Geest, Saint-Remy-Geest, Zétrud-Lumay";
"Région wallonne";"Juprelle";"Juprelle";"Commune";"Liège";"35,36";"8 619";244;"Fexhe-Slins, Juprelle, Lantin, Paifve, Slins, Villers-Saint-Siméon, Voroux-lez-Liers, Wihogne";
"Région wallonne";"Jurbise";"Jurbeke";"Commune";"Hainaut";"57,86";"9 746";168;"Erbaut, Erbisœul, Herchies, Jurbise, Masnuy-Saint-Jean, Masnuy-Saint-Pierre";
"Région wallonne";"La Calamine";"Kelmis";"Commune";"Liège";"18,12";"10 566";583;"Hergenrath, La Calamine, Neu-Moresnet";
"Région wallonne";"Lasne";"Lasne";"Commune";"Brabant wallon";"47,22";"14 043";297;"Couture-Saint-Germain, Lasne-Chapelle-Saint-Lambert, Maransart, Ohain, Plancenoit";
"Région wallonne";"Léglise";"Léglise";"Commune";"Luxembourg";"172,92";"4 341";25;"Assenois, Ebly, Léglise, Mellier, Vlessart, Witry";
"Région wallonne";"Lens";"Lens";"Commune";"Hainaut";"49,42";"4 119";83;"Bauffe, Cambron-Saint-Vincent, Lens, Lombise, Montignies-lez-Lens";
"Région wallonne";"Lessines";"Lessen";"Ville";"Hainaut";"72,29";"18 146";251;"Bois-de-Lessines, Deux-Acren, Ghoy, Lessines, Ogy, Ollignies, Papignies, Wannebecq";
"Région wallonne";"Leuze-en-Hainaut";"Leuze-en-Hainaut";"Ville";"Hainaut";"73,53";"13 331";181;"Blicquy, Chapelle-à-Oie, Chapelle-à-Wattines, Gallaix, Grandmetz, Pipaix, Thieulain, Tourpes, Willaupuis";
"Région wallonne";"Libin";"Libin";"Commune";"Luxembourg";"139,72";"4 707";34;"Anloy, Libin, Ochamps, Redu, Smuid, Transinne, Villance";
"Région wallonne";"Libramont-Chevigny";"Libramont-Chevigny";"Commune";"Luxembourg";"177,86";"10 052";57;"Bras, Freux, Libramont, Moircy, Recogne, Remagne, Sainte-Marie-Chevigny, Saint-Pierre";
"Région wallonne";"Liège";"Luik";"Ville";"Liège";"69,39";"190 102";"2 740";"Angleur, Bressoux, Chênée, Glain, Grivegnée, Jupille-sur-Meuse, Liège, Rocourt, Wandre";
"Région wallonne";"Lierneux";"Lierneux";"Commune";"Liège";"92,08";"3 366";37;"Arbrefontaine, Bra, Lierneux";
"Région wallonne";"Limbourg";"Limburg";"Ville";"Liège";"24,63";"5 680";231;"Bilstain, Goé, Limbourg";
"Région wallonne";"Lincent";"Lijsem";"Commune";"Liège";"14,75";"3 040";206;"Lincent, Pellaines, Racour";
"Région wallonne";"Lobbes";"Lobbes";"Commune";"Hainaut";"32,08";"5 585";174;"Bienne-lez-Happart, Lobbes, Mont-Sainte-Geneviève, Sars-la-Buissière";
"Région wallonne";"Lontzen";"Lontzen";"Commune";"Liège";"28,73";"5 267";183;"Herbesthal, Lontzen, Walhorn";
"Région wallonne";"La Louvière";"La Louvière";"Ville";"Hainaut";"64,24";"77 616";"1 208";"Boussoit, Haine-Saint-Paul, Haine-Saint-Pierre, Houdeng-Aimeries, Houdeng-Gœgnies, La Louvière, Maurage, Saint-Vaast, Strépy-Bracquegnies, Trivières";
"Région wallonne";"Malmedy";"Malmedy";"Ville";"Liège";"99,96";"11 943";119;"Bellevaux-Ligneuville, Bévercé, Malmedy";
"Région wallonne";"Manage";"Manage";"Commune";"Hainaut";"19,68";"22 460";"1 141";"Bellecourt, Bois-d'Haine, Fayt-lez-Manage, La Hestre, Manage";
"Région wallonne";"Manhay";"Manhay";"Commune";"Luxembourg";"119,81";"3 229";27;"Dochamps, Grandménil, Harre, Malempré, Odeigne, Vaux-Chavanne";
"Région wallonne";"Marche-en-Famenne";"Marche-en-Famenne";"Ville";"Luxembourg";"121,4";"17 134";141;"Aye, Hargimont, Humain, Marche-en-Famenne, Marloie, On, Roy, Waha";
"Région wallonne";"Marchin";"Marchin";"Commune";"Liège";30;"5 160";172;"Marchin, Vyle-et-Tharoul";
"Région wallonne";"Martelange";"Martelange";"Commune";"Luxembourg";"29,67";"1 566";53;"Martelange";
"Région wallonne";"Meix-devant-Virton";"Meix-devant-Virton";"Commune";"Luxembourg";"54,2";"2 724";50;"Gérouville, Meix-devant-Virton, Robelmont, Sommethonne, Villers-la-Loue";
"Région wallonne";"Merbes-le-Château";"Merbes-le-Château";"Commune";"Hainaut";"30,24";"4 119";136;"Fontaine-Valmont, Labuissière, Merbes-le-Château, Merbes-Sainte-Marie";
"Région wallonne";"Messancy";"Messancy";"Commune";"Luxembourg";"52,43";"7 620";145;"Habergy, Hondelange, Messancy, Sélange, Wolkrange";
"Région wallonne";"Mettet";"Mettet";"Commune";"Namur";"116,78";"12 233";105;"Biesme, Biesmerée, Ermeton-sur-Biert, Furnaux, Graux, Mettet, Oret, Saint-Gérard, Stave";
"Région wallonne";"Modave";"Modave";"Commune";"Liège";"40,37";"3 753";93;"Modave, Outrelouxhe, Strée, Vierset-Barse";
"Région wallonne";"Momignies";"Momignies";"Commune";"Hainaut";"85,58";"5 156";60;"Beauwelz, Forge-Philippe, Macon, Macquenoise, Momignies, Monceau-Imbrechies, Seloignes";
"Région wallonne";"Mons";"Bergen";"Ville";"Hainaut";"146,56";"91 152";622;"Ciply, Cuesmes, Flénu, Ghlin, Harmignies, Harveng, Havré, Hyon, Jemappes, Maisières, Mesvin, Mons, Nimy, Nouvelles, Obourg, Saint-Denis, Saint-Symphorien, Spiennes, Villers-Saint-Ghislain";
"Région wallonne";"Mont-de-l'Enclus";"Mont-de-l'Enclus";"Commune";"Hainaut";"26,93";"3 429";127;"Amougies, Anserœul, Orroir, Russeignies";
"Région wallonne";"Montigny-le-Tilleul";"Montigny-le-Tilleul";"Commune";"Hainaut";"15,1";"10 169";673;"Landelies, Montigny-le-Tilleul";
"Région wallonne";"Mont-Saint-Guibert";"Mont-Saint-Guibert";"Commune";"Brabant wallon";"18,63";"6 637";356;"Corbais, Hévillers, Mont-Saint-Guibert";
"Région wallonne";"Morlanwelz";"Morlanwelz";"Commune";"Hainaut";"20,26";"18 813";929;"Carnières, Mont-Sainte-Aldegonde, Morlanwelz-Mariemont";
"Région wallonne";"Mouscron";"Moeskroen";"Ville";"Hainaut";"40,08";"53 760";"1 341";"Dottignies, Herseaux, Luingne, Mouscron";
"Région wallonne";"Musson";"Musson";"Commune";"Luxembourg";"34,81";"4 296";123;"Musson, Mussy-la-Ville, Signeulx";
"Région wallonne";"Namur";"Namen";"Ville";"Namur";"175,69";"107 939";614;"Beez, Belgrade, Boninne, Bouge, Champion, Cognelée, Daussoulx, Dave, Erpent, Flawinne, Gelbressée, Jambes, Lives, Loyers, Malonne, Marche-les-Dames, Namur, Naninne, Saint-Marc, Saint-Servais, Suarlée, Temploux, Vedrin, Wépion, Wierde";
"Région wallonne";"Nandrin";"Nandrin";"Commune";"Liège";"35,9";"5 688";158;"Nandrin, Saint-Séverin, Villers-le-Temple, Yernée-Fraineux";
"Région wallonne";"Nassogne";"Nassogne";"Commune";"Luxembourg";"111,96";"5 093";45;"Ambly, Bande, Forrières, Grune, Harsin, Lesterny, Masbourg, Nassogne";
"Région wallonne";"Neufchâteau";"Neufchâteau";"Ville";"Luxembourg";"113,79";"6 700";59;"Grandvoir, Grapfontaine, Hamipré, Longlier, Neufchâteau, Tournay";
"Région wallonne";"Neupré";"Neupré";"Commune";"Liège";"31,69";"9 685";306;"Éhein, Neuville-en-Condroz, Plainevaux, Rotheux-Rimière";
"Région wallonne";"Nivelles";"Nijvel";"Ville";"Brabant wallon";"60,6";"25 035";413;"Baulers, Bornival, Monstreux, Nivelles, Thines";
"Région wallonne";"Ohey";"Ohey";"Commune";"Namur";"56,62";"4 697";83;"Évelette, Goesnes, Haillot, Jallet, Ohey, Perwez";
"Région wallonne";"Olne";"Olne";"Commune";"Liège";"15,99";"3 782";237;"Olne";
"Région wallonne";"Onhaye";"Onhaye";"Commune";"Namur";"65,53";"3 139";48;"Anthée, Falaën, Gerin, Onhaye, Serville, Sommière, Weillen";
"Région wallonne";"Oreye";"Oerle";"Commune";"Liège";"19,64";"3 549";181;"Bergilers, Grandville, Lens-sur-Geer, Oreye, Otrange";
"Région wallonne";"Orp-Jauche";"Orp-Jauche";"Commune";"Brabant wallon";"50,5";"8 054";159;"Énines, Folx-les-Caves, Jandrain-Jandrenouille, Jauche, Marilles, Noduwez, Orp-le-Grand";
"Région wallonne";"Ottignies-Louvain-la-Neuve";"Ottignies-Louvain-la-Neuve";"Ville";"Brabant wallon";"29,43";"30 283";"1 029";"Céroux-Mousty, Limelette, Louvain-la-Neuve, Ottignies";
"Région wallonne";"Ouffet";"Ouffet";"Commune";"Liège";"40,22";"2 613";65;"Ellemelle, Ouffet, Warzée";
"Région wallonne";"Oupeye";"Oupeye";"Commune";"Liège";"36,11";"23 669";655;"Haccourt, Hermalle-sous-Argenteau, Hermée, Heure-le-Romain, Houtain-Saint-Siméon, Oupeye, Vivegnis";
"Région wallonne";"Paliseul";"Paliseul";"Commune";"Luxembourg";"112,96";"5 089";45;"Carlsbourg, Fays-les-Veneurs, Framont, Maissin, Nollevaux, Offagne, Opont, Paliseul";
"Région wallonne";"Pecq";"Pecq";"Commune";"Hainaut";"32,91";"5 340";162;"Esquelmes, Hérinnes, Obigies, Pecq, Warcoing";
"Région wallonne";"Pepinster";"Pepinster";"Commune";"Liège";"24,79";"9 574";386;"Cornesse, Pepinster, Soiron, Wegnez";
"Région wallonne";"Péruwelz";"Péruwelz";"Ville";"Hainaut";"60,56";"16 941";280;"Baugnies, Bon-Secours, Braffe, Brasménil, Bury, Callenelle, Péruwelz, Roucourt, Wasmes-Audemez-Briffœil, Wiers";
"Région wallonne";"Perwez";"Perwijs";"Commune";"Brabant wallon";"50,81";"7 773";153;"Malèves-Sainte-Marie-Wastines, Orbais, Perwez, Thorembais-les-Béguines, Thorembais-Saint-Trond";
"Région wallonne";"Philippeville";"Philippeville";"Ville";"Namur";"156,71";"8 627";55;"Fagnolle, Franchimont, Jamagne, Jamiolle, Merlemont, Neuville, Omezée, Philippeville, Roly, Romedenne, Samart, Sart-en-Fagne, Sautour, Surice, Villers-en-Fagne, Villers-le-Gambon, Vodecée";
"Région wallonne";"Plombières";"Blieberg";"Commune";"Liège";"53,17";"9 781";184;"Gemmenich, Hombourg, Montzen, Moresnet, Sippenaeken";
"Région wallonne";"Pont-à-Celles";"Pont-à-Celles";"Commune";"Hainaut";"55,73";"16 467";295;"Buzet, Liberchies, Luttre, Obaix, Pont-à-Celles, Thiméon, Viesville";
"Région wallonne";"Profondeville";"Profondeville";"Commune";"Namur";"50,34";"11 501";228;"Arbre, Bois-de-Villers, Lesve, Lustin, Profondeville, Rivière";
"Région wallonne";"Quaregnon";"Quaregnon";"Commune";"Hainaut";"11,08";"18 789";"1 696";"Quaregnon, Wasmuel";
"Région wallonne";"Quévy";"Quévy";"Commune";"Hainaut";"65,16";"7 734";119;"Asquillies, Aulnois, Blaregnies, Bougnies, Genly, Givry, Gœgnies-Chaussée, Havay, Quévy-le-Grand, Quévy-le-Petit";
"Région wallonne";"Quiévrain";"Quiévrain";"Commune";"Hainaut";"21,22";"6 569";310;"Audregnies, Baisieux, Quiévrain";
"Région wallonne";"Raeren";"Raeren";"Commune";"Liège";"74,21";"10 312";139;"Eynatten, Hauset, Raeren";
"Région wallonne";"Ramillies";"Ramillies";"Commune";"Brabant wallon";"48,68";"5 945";122;"Autre-Église, Bomal, Geest-Gérompont-Petit-Rosière, Gérompont, Grand-Rosière-Hottomont, Huppaye, Mont-Saint-André, Ramillies-Offus";
"Région wallonne";"Rebecq";"Rebecq";"Commune";"Brabant wallon";"39,08";"10 237";262;"Bierghes, Quenast, Rebecq-Rognon";
"Région wallonne";"Remicourt";"Remicourt";"Commune";"Liège";"22,58";"5 191";230;"Hodeige, Lamine, Momalle, Pousset, Remicourt";
"Région wallonne";"Rendeux";"Rendeux";"Commune";"Luxembourg";"68,83";"2 358";34;"Beffe, Hodister, Marcourt, Rendeux";
"Région wallonne";"Rixensart";"Rixensart";"Commune";"Brabant wallon";"17,54";"21 571";"1 230";"Genval, Rixensart, Rosières";
"Région wallonne";"La Roche-en-Ardenne";"La Roche-en-Ardenne";"Ville";"Luxembourg";"147,52";"4 351";29;"Beausaint, Halleux, Hives, La Roche-en-Ardenne, Ortho, Samrée";
"Région wallonne";"Rochefort";"Rochefort";"Ville";"Namur";"165,27";"12 097";73;"Ave-et-Auffe, Buissonville, Éprave, Han-sur-Lesse, Jemelle, Lavaux-Sainte-Anne, Lessive, Mont-Gauthier, Rochefort, Villers-sur-Lesse, Wavreille";
"Région wallonne";"Le Rœulx";"Le Rœulx";"Ville";"Hainaut";"42,8";"8 019";187;"Gottignies, Le Rœulx, Mignault, Thieu, Ville-sur-Haine";
"Région wallonne";"Rouvroy";"Rouvroy";"Commune";"Luxembourg";"27,68";"2 067";75;"Couvreux, Dampicourt, Harnoncourt, Lamorteau, Montquintin, Torgny";
"Région wallonne";"Rumes";"Rumes";"Commune";"Hainaut";"23,72";"5 066";214;"La Glanerie, Rumes, Taintignies";
"Région wallonne";"Sainte-Ode";"Sainte-Ode";"Commune";"Luxembourg";"97,87";"2 345";24;"Amberloup, Lavacherie, Tillet";
"Région wallonne";"Saint-Georges-sur-Meuse";"Saint-Georges-sur-Meuse";"Commune";"Liège";"20,9";"6 571";314;"Saint-Georges-sur-Meuse";
"Région wallonne";"Saint-Ghislain";"Saint-Ghislain";"Ville";"Hainaut";"70,18";"22 708";324;"Baudour, Hautrage, Neufmaison, Saint-Ghislain, Sirault, Tertre, Villerot";
"Région wallonne";"Saint-Hubert";"Saint-Hubert";"Ville";"Luxembourg";"111,16";"5 811";52;"Arville, Awenne, Hatrival, Mirwart, Saint-Hubert, Vesqueville";
"Région wallonne";"Saint-Léger";"Saint-Léger";"Commune";"Luxembourg";"35,86";"3 200";89;"Châtillon, Meix-le-Tige, Saint-Léger";
"Région wallonne";"Saint-Nicolas";"Saint-Nicolas";"Commune";"Liège";"6,84";"22 600";"3 304";"Montegnée, Saint-Nicolas, Tilleur";
"Région wallonne";"Saint-Vith";"Sankt Vith";"Ville";"Liège";"146,93";"9 242";63;"Crombach, Lommersweiler, Recht, Sankt Vith (Saint-Vith), Schönberg";
"Région wallonne";"Sambreville";"Sambreville";"Commune";"Namur";"34,2";"27 170";794;"Arsimont, Auvelais, Falisolle, Keumiée, Moignelée, Tamines, Velaine";
"Région wallonne";"Seneffe";"Seneffe";"Commune";"Hainaut";"62,77";"10 729";171;"Arquennes, Familleureux, Feluy, Petit-Rœulx-lez-Nivelles, Seneffe";
"Région wallonne";"Seraing";"Seraing";"Ville";"Liège";"35,34";"61 657";"1 745";"Boncelles, Jemeppe, Ougrée, Seraing";
"Région wallonne";"Silly";"Opzullik";"Commune";"Hainaut";"67,68";"8 013";118;"Bassilly, Fouleng, Gondregnies, Graty, Hellebecq, Hoves, Silly, Thoricourt";
"Région wallonne";"Sivry-Rance";"Sivry-Rance";"Commune";"Hainaut";"72,97";"4 703";64;"Grandrieu, Montbliart, Rance, Sautin, Sivry";
"Région wallonne";"Soignies";"Zinnik";"Ville";"Hainaut";"110,3";"25 871";235;"Casteau, Chaussée-Notre-Dame-Louvignies, Horrues, Naast, Neufvilles, Soignies, Thieusies";
"Région wallonne";"Sombreffe";"Sombreffe";"Commune";"Namur";"35,78";"7 801";218;"Boignée, Ligny, Sombreffe, Tongrinne";
"Région wallonne";"Somme-Leuze";"Somme-Leuze";"Commune";"Namur";"95,09";"4 750";50;"Baillonville, Bonsin, Heure, Hogne, Nettinne, Noiseux, Sinsin, Somme-Leuze, Waillet";
"Région wallonne";"Soumagne";"Soumagne";"Commune";"Liège";"27,14";"15 747";580;"Ayeneux, Cerexhe-Heuseux, Évegnée, Mélen, Micheroux, Soumagne, Tignée";
"Région wallonne";"Spa";"Spa";"Commune";"Liège";"39,85";"10 549";265;"Spa";
"Région wallonne";"Sprimont";"Sprimont";"Commune";"Liège";"74,28";"13 211";178;"Dolembreux, Gomzé-Andoumont, Louveigné, Rouvreux, Sprimont";
"Région wallonne";"Stavelot";"Stavelot";"Ville";"Liège";"85,07";"6 705";79;"Francorchamps, Stavelot";
"Région wallonne";"Stoumont";"Stoumont";"Commune";"Liège";"108,45";"2 996";28;"Chevron, La Gleize, Lorcé, Rahier, Stoumont";
"Région wallonne";"Tellin";"Tellin";"Commune";"Luxembourg";"56,64";"2 399";42;"Bure, Grupont, Resteigne, Tellin";
"Région wallonne";"Tenneville";"Tenneville";"Commune";"Luxembourg";"91,81";"2 610";28;"Champlon, Erneuville, Tenneville";
"Région wallonne";"Theux";"Theux";"Commune";"Liège";"83,36";"11 763";141;"La Reid, Polleur, Theux";
"Région wallonne";"Thimister-Clermont";"Thimister-Clermont";"Commune";"Liège";"28,69";"5 430";189;"Clermont, Thimister";
"Région wallonne";"Thuin";"Thuin";"Ville";"Hainaut";"76,17";"14 675";193;"Biercée, Biesme-sous-Thuin, Donstiennes, Gozée, Leers-et-Fosteau, Ragnies, Thuillies, Thuin";
"Région wallonne";"Tinlot";"Tinlot";"Commune";"Liège";"37,12";"2 436";66;"Abée, Fraiture, Ramelot, Scry, Seny, Soheit-Tinlot";
"Région wallonne";"Tintigny";"Tintigny";"Commune";"Luxembourg";"81,79";"3 778";46;"Bellefontaine, Rossignol, Saint-Vincent";
"Région wallonne";"Tournai";"Doornik";"Ville";"Hainaut";"213,75";"68 193";319;"Barry, Beclers, Blandain, Chercq, Ere, Esplechin, Froidmont, Froyennes, Gaurain-Ramecroix, Havinnes, Hertain, Kain, Lamain, Marquain, Maulde, Melles, Mont-Saint-Aubert, Mourcourt, Orcq, Quartes, Ramegnies-Chin, Rumillies, Saint-Maur, Templeuve, Thimougies, Tournai, Vaulx, Vezon, Warchin, Willemeau";
"Région wallonne";"Trois-Ponts";"Trois-Ponts";"Commune";"Liège";"68,9";"2 529";37;"Basse-Bodeux, Fosse, Wanne";
"Région wallonne";"Trooz";"Trooz";"Commune";"Liège";"24,2";"7 731";319;"Forêt, Fraipont, Nessonvaux";
"Région wallonne";"Tubize";"Tubeke";"Commune";"Brabant wallon";"32,66";"22 945";703;"Clabecq, Oisquercq, Saintes, Tubize";
"Région wallonne";"Vaux-sur-Sûre";"Vaux-sur-Sûre";"Commune";"Luxembourg";"135,87";"4 876";36;"Hompré, Juseret, Morhet, Nives, Sibret, Vaux-lez-Rosières, Vaux-sur-Sûre";
"Région wallonne";"Verlaine";"Verlaine";"Commune";"Liège";"24,21";"3 690";152;"Bodegnée, Chapon-Seraing, Seraing-le-Château, Verlaine";
"Région wallonne";"Verviers";"Verviers";"Ville";"Liège";"33,07";"54 519";"1 649";"Ensival, Heusy, Lambermont, Petit-Rechain, Polleur, Stembert, Verviers";
"Région wallonne";"Vielsalm";"Vielsalm";"Commune";"Luxembourg";"139,76";"7 405";53;"Bihain, Grand-Halleux, Petit-Thier, Vielsalm";
"Région wallonne";"Villers-le-Bouillet";"Villers-le-Bouillet";"Commune";"Liège";"32,71";"6 175";189;"Fize-Fontaine, Vaux-et-Borset, Vieux-Waleffe, Villers-le-Bouillet, Warnant-Dreye";
"Région wallonne";"Villers-la-Ville";"Villers-la-Ville";"Commune";"Brabant wallon";"47,45";"9 853";208;"Marbais, Mellery, Sart-Dames-Avelines, Tilly, Villers-la-Ville";
"Région wallonne";"Viroinval";"Viroinval";"Commune";"Namur";"120,9";"5 739";47;"Dourbes, Le Mesnil, Mazée, Nismes, Oignies-en-Thiérache, Olloy-sur-Viroin, Treignes, Vierves-sur-Viroin";
"Région wallonne";"Virton";"Virton";"Ville";"Luxembourg";"94,49";"11 233";119;"Bleid, Èthe, Latour, Ruette, Saint-Mard, Virton";
"Région wallonne";"Visé";"Wezet";"Ville";"Liège";"27,99";"16 903";604;"Argenteau, Cheratte, Lanaye, Lixhe, Richelle, Visé";
"Région wallonne";"Vresse-sur-Semois";"Vresse-sur-Semois";"Commune";"Namur";"101,04";"2 801";28;"Alle, Bagimont, Bohan, Chairière, Laforêt, Membre, Mouzaive, Nafraiture, Orchimont, Pussemange, Sugny, Vresse-sur-Semois";
"Région wallonne";"Waimes";"Weismes";"Commune";"Liège";"96,93";"6 816";70;"Faymonville, Robertville, Waimes";
"Région wallonne";"Walcourt";"Walcourt";"Ville";"Namur";"123,18";"17 805";145;"Berzée, Castillon, Chastrès, Clermont, Fontenelle, Fraire, Gourdinne, Laneffe, Pry, Rognée, Somzée, Tarcienne, Thy-le-Château, Vogenée, Walcourt, Yves-Gomezée";
"Région wallonne";"Walhain";"Walhain";"Commune";"Brabant wallon";"37,94";"6 160";162;"Nil-Saint-Vincent-Saint-Martin, Tourinnes-Saint-Lambert, Walhain-Saint-Paul";
"Région wallonne";"Wanze";"Wanze";"Commune";"Liège";"43,95";"12 938";294;"Antheit, Bas-Oha, Huccorgne, Moha, Vinalmont, Wanze";
"Région wallonne";"Waremme";"Borgworm";"Ville";"Liège";"31,04";"14 306";461;"Bettincourt, Bleret, Bovenistier, Grand-Axhe, Lantremange, Oleye, Waremme";
"Région wallonne";"Wasseiges";"Wasseiges";"Commune";"Liège";"24,45";"2 582";106;"Acosse, Ambresin, Meeffe, Wasseiges";
"Région wallonne";"Waterloo";"Waterloo";"Commune";"Brabant wallon";"21,03";"29 448";"1 400";"Waterloo";
"Région wallonne";"Wavre";"Waver";"Ville";"Brabant wallon";"41,8";"32 784";784;"Bierges, Limal, Wavre";
"Région wallonne";"Welkenraedt";"Welkenraedt";"Commune";"Liège";"24,47";"9 343";382;"Henri-Chapelle, Welkenraedt";
"Région wallonne";"Wellin";"Wellin";"Commune";"Luxembourg";"67,52";"2 990";44;"Chanly, Halma, Lomprez, Sohier, Wellin";
"Région wallonne";"Yvoir";"Yvoir";"Commune";"Namur";"56,84";"8 610";151;"Dorinne, Durnal, Évrehailles, Godinne, Houx, Mont, Purnode, Spontin, Yvoir";
"Région flamande";"Aalter";"Aalter";"Commune";"Flandre-Orientale";"81,92";"19 501";238;"Aalter, Lotenhulle, Poeke, Bellem";
"Région flamande";"Aarschot";"Aarschot";"Ville";"Brabant flamand";"62,52";"28 405";454;"Aarschot, Gelrode, Langdorp, Rillaar";
"Région flamande";"Aartselaar";"Aartselaar";"Commune";"Anvers";"10,93";"14 290";"1 307";"Aartselaar";
"Région flamande";"Affligem";"Affligem";"Commune";"Brabant flamand";"17,7";"12 397";700;"Teralfene, Essene, Hekelgem";
"Région flamande";"Alken";"Alken";"Commune";"Limbourg";"28,14";"11 242";400;"Alken";
"Région flamande";"Alost";"Aalst";"Ville";"Flandre-Orientale";"78,12";"80 043";"1 025";"Alost, Gijzegem, Hofstade, Baardegem, Herdersem, Meldert, Moorsel, Erembodegem, Nieuwerkerken";
"Région flamande";"Alveringem";"Alveringem";"Commune";"Flandre-Occidentale";"80,01";"4 920";61;"Alveringem, Hoogstade, Oeren, Sint-Rijkers, Beveren, Gijverinkhove, Izenberge, Leisele, Stavele";
"Région flamande";"Anvers";"Antwerpen";"Ville";"Anvers";"204,51";"483 505";"2 364";"Districts : Anvers, Berendrecht-Zandvliet-Lillo, Deurne, Borgerhout, Merksem, Ekeren, Berchem, Wilrijk, Hoboken";
"Région flamande";"Anzegem";"Anzegem";"Commune";"Flandre-Occidentale";"41,79";"14 234";341;"Anzegem, Gijzelbrechtegem, Vichte, Tiegem, Ingooigem, Kaster";
"Région flamande";"Ardooie";"Ardooie";"Commune";"Flandre-Occidentale";"34,58";"9 053";262;"Ardooie, Koolskamp";
"Région flamande";"Arendonk";"Arendonk";"Commune";"Anvers";"55,38";"12 758";230;"Arendonk";
"Région flamande";"As";"As";"Commune";"Limbourg";"22,07";"7 785";353;"As, Niel-bij-As";
"Région flamande";"Asse";"Asse";"Commune";"Brabant flamand";"49,64";"30 228";609;"Asse, Bekkerzeel, Kobbegem, Mollem, Relegem, Zellik";
"Région flamande";"Assenede";"Assenede";"Commune";"Flandre-Orientale";"87,22";"13 806";158;"Assenede, Bassevelde, Boekhoute, Oosteeklo";
"Région flamande";"Audenarde";"Oudenaarde";"Ville";"Flandre-Orientale";"68,06";"29 702";436;"Audenarde, Bevere, Edelare, Eine, Ename, Heurne, Leupegem, Mater, Melden, Mullem, Nederename, Volkegem, Welden";
"Région flamande";"Avelgem";"Avelgem";"Commune";"Flandre-Occidentale";"21,75";"9 603";442;"Avelgem, Kerkhove, Waarmaarde, Outrijve, Bossuit";
"Région flamande";"Baerle-Duc";"Baarle-Hertog";"Commune";"Anvers";"7,48";"2 504";335;"Baerle-Duc";
"Région flamande";"Balen";"Balen";"Commune";"Anvers";"72,88";"21 022";288;"Balen, Olmen";
"Région flamande";"Beernem";"Beernem";"Commune";"Flandre-Occidentale";"71,68";"15 064";210;"Beernem, Oedelem, Sint-Joris";
"Région flamande";"Beerse";"Beerse";"Commune";"Anvers";"37,48";"17 003";454;"Beerse, Vlimmeren";
"Région flamande";"Beersel";"Beersel";"Commune";"Brabant flamand";"30,01";"23 903";797;"Beersel, Alsemberg, Tourneppe, Huizingen, Lot";
"Région flamande";"Begijnendijk";"Begijnendijk";"Commune";"Brabant flamand";"17,62";"9 812";557;"Begijnendijk, Betekom";
"Région flamande";"Bekkevoort";"Bekkevoort";"Commune";"Brabant flamand";"37,17";"5 968";161;"Bekkevoort, Molenbeek-Wersbeek, Assent";
"Région flamande";"Beringen";"Beringen";"Ville";"Limbourg";"78,3";"42 758";546;"Beringen, Beverlo, Koersel, Paal";
"Région flamande";"Berlaar";"Berlaar";"Commune";"Anvers";"24,57";"10 889";443;"Berlaar, Gestel";
"Région flamande";"Berlare";"Berlare";"Commune";"Flandre-Orientale";"37,82";"14 569";385;"Berlare, Overmere, Uitbergen";
"Région flamande";"Bertem";"Bertem";"Commune";"Brabant flamand";"29,75";"9 569";322;"Bertem, Korbeek-Dijle, Leefdaal";
"Région flamande";"Beveren";"Beveren";"Commune";"Flandre-Orientale";"150,18";"46 299";308;"Beveren, Doel, Haasdonk, Kallo, Kieldrecht, Melsele, Verrebroek, Vrasene";
"Région flamande";"Bierbeek";"Bierbeek";"Commune";"Brabant flamand";"39,73";"9 467";238;"Bierbeek, Korbeek-Lo, Lovenjoel, Opvelp";
"Région flamande";"Biévène";"Bever";"Commune";"Brabant flamand";"19,78";"2 133";108;"Biévène";
"Région flamande";"Bilzen";"Bilzen";"Ville";"Limbourg";"75,9";"30 882";407;"Bilzen, Beverst, Eigenbilzen, Grote-Spouwen, Hees, Kleine-Spouwen, Mopertingen, Munsterbilzen, Rijkhoven, Rosmeer, Waltwilder, Martenslinde, Hoelbeek";
"Région flamande";"Blankenberge";"Blankenberge";"Ville";"Flandre-Occidentale";"17,41";"18 907";"1 086";"Blankenberge, Uitkerke";
"Région flamande";"Bocholt";"Bocholt";"Commune";"Limbourg";"59,34";"12 636";213;"Bocholt, Kaulille, Reppel";
"Région flamande";"Boechout";"Boechout";"Commune";"Anvers";"20,66";"12 749";617;"Boechout, Vremde";
"Région flamande";"Bonheiden";"Bonheiden";"Commune";"Anvers";"29,27";"14 669";501;"Bonheiden, Rijmenam";
"Région flamande";"Boom";"Boom";"Commune";"Anvers";"7,37";"16 709";"2 267";"Boom";
"Région flamande";"Boortmeerbeek";"Boortmeerbeek";"Commune";"Brabant flamand";"18,64";"11 773";632;"Boortmeerbeek, Hever";
"Région flamande";"Borgloon";"Borgloon";"Ville";"Limbourg";"51,12";"10 330";202;"Borgloon, Bommershoven, Broekom, Gors-Opleeuw, Gotem, Groot-Loon, Hendrieken, Hoepertingen, Jesseren, Kerniel, Kuttekoven, Rijkel, Voort";
"Région flamande";"Bornem";"Bornem";"Commune";"Anvers";"45,76";"20 556";449;"Bornem, Weert, Mariekerke, Hingene";
"Région flamande";"Borsbeek";"Borsbeek";"Commune";"Anvers";"3,92";"10 125";"2 583";"Borsbeek";
"Région flamande";"Bourg-Léopold";"Leopoldsburg";"Commune";"Limbourg";"22,49";"14 907";663;"Leopoldsburg, Heppen";
"Région flamande";"Boutersem";"Boutersem";"Commune";"Brabant flamand";"30,75";"7 691";250;"Boutersem, Kerkom, Neervelp, Roosbeek, Vertrijk, Willebringen";
"Région flamande";"Brakel";"Brakel";"Commune";"Flandre-Orientale";"56,46";"14 109";250;"Elst, Everbeek, Michelbeke, Nederbrakel, Opbrakel, Parike, Zegelsem";
"Région flamande";"Brasschaat";"Brasschaat";"Commune";"Anvers";"38,49";"36 949";960;"Brasschaat";
"Région flamande";"Brecht";"Brecht";"Commune";"Anvers";"90,84";"27 597";304;"Brecht, Sint-Job-in-'t-Goor, Saint-Léonard";
"Région flamande";"Bredene";"Bredene";"Commune";"Flandre-Occidentale";"13,08";"16 202";"1 239";"Bredene";
"Région flamande";"Bree";"Bree";"Ville";"Limbourg";"64,96";"15 173";234;"Beek, Bree, Gerdingen, Opitter, Tongerlo";
"Région flamande";"Bruges";"Brugge";"Ville";"Flandre-Occidentale";"138,4";"116 741";844;"Bruges, Koolkerke, Sint-Andries, Sint-Michiels, Assebroek, Sint-Kruis, Dudzele, Lissewege, Sint-Jozef, Zwankendamme, Sint-Pieters-op-den-Dijk, Zeebrugge";
"Région flamande";"Buggenhout";"Buggenhout";"Commune";"Flandre-Orientale";"25,25";"14 081";558;"Buggenhout, Opdorp";
"Région flamande";"Le Coq";"De Haan";"Commune";"Flandre-Occidentale";"42,17";"12 401";294;"Klemskerke, Wenduine, Vlissegem";
"Région flamande";"Courtrai";"Kortrijk";"Ville";"Flandre-Occidentale";"80,02";"74 911";936;"Kortrijk, Bissegem, Heule, Bellegem, Kooigem, Marke, Rollegem, Aalbeke";
"Région flamande";"Coxyde";"Koksijde";"Commune";"Flandre-Occidentale";"43,96";"21 832";497;"Koksijde, Oostduinkerke, Wulpen";
"Région flamande";"Damme";"Damme";"Ville";"Flandre-Occidentale";"89,52";"10 839";121;"Damme, Hoeke, Lapscheure, Moerkerke, Oostkerke, Sijsele";
"Région flamande";"De Pinte";"De Pinte";"Commune";"Flandre-Orientale";"17,98";"10 227";569;"De Pinte, Zevergem";
"Région flamande";"Deerlijk";"Deerlijk";"Commune";"Flandre-Occidentale";"16,82";"11 262";670;"Deerlijk";
"Région flamande";"Deinze";"Deinze";"Ville";"Flandre-Orientale";"75,55";"29 298";388;"Deinze, Astene, Bachte-Maria-Leerne, Gottem, Grammene, Meigem, Petegem-aan-de-Leie, Sint-Martens-Leerne, Vinkt, Wontergem, Zeveren";
"Région flamande";"Denderleeuw";"Denderleeuw";"Commune";"Flandre-Orientale";"13,77";"18 485";"1 342";"Denderleeuw, Iddergem, Welle";
"Région flamande";"Dentergem";"Dentergem";"Commune";"Flandre-Occidentale";"25,94";"8 254";318;"Dentergem, Markegem, Oeselgem, Wakken";
"Région flamande";"Dessel";"Dessel";"Commune";"Anvers";"27,03";"9 107";337;"Dessel";
"Région flamande";"Destelbergen";"Destelbergen";"Commune";"Flandre-Orientale";"26,56";"17 671";665;"Destelbergen, Heusden";
"Région flamande";"Diepenbeek";"Diepenbeek";"Commune";"Limbourg";"41,19";"18 208";442;"Diepenbeek";
"Région flamande";"Diest";"Diest";"Ville";"Brabant flamand";"58,2";"23 048";396;"Diest, Deurne, Kaggevinne, Molenstede, Schaffen, Webbekom";
"Région flamande";"Dilbeek";"Dilbeek";"Commune";"Brabant flamand";"41,18";"39 998";971;"Dilbeek, Bodeghem-Saint-Martin, Chapelle-Saint-Ulric, Grand-Bigard, Itterbeek, Schepdaal";
"Région flamande";"Dilsen-Stokkem";"Dilsen-Stokkem";"Ville";"Limbourg";"65,61";"19 663";300;"Dilsen, Elen, Lanklaar, Rotem, Stokkem";
"Région flamande";"Dixmude";"Diksmuide";"Ville";"Flandre-Occidentale";"149,4";"16 275";109;"Dixmude, Beerst, Esen, Kaaskerke, Keiem, Lampernisse, Leke, Nieuwkapelle, Oostkerke, Oudekapelle, Pervijze, Sint-Jacobskapelle, Stuivekenskerke, Vladslo, Woumen";
"Région flamande";"Drogenbos";"Drogenbos";"Commune";"Brabant flamand";"2,49";"4 953";"1 989";"Drogenbos";
"Région flamande";"Duffel";"Duffel";"Commune";"Anvers";"22,71";"16 577";730;"Duffel";
"Région flamande";"Edegem";"Edegem";"Commune";"Anvers";"8,65";"21 171";"2 448";"Edegem";
"Région flamande";"Eeklo";"Eeklo";"Ville";"Flandre-Orientale";"30,05";"20 043";667;"Eeklo";
"Région flamande";"Erpe-Mere";"Erpe-Mere";"Commune";"Flandre-Orientale";"34,03";"19 280";567;"Aaigem, Bambrugge, Burst, Erondegem, Erpe, Mere, Ottergem, Vlekkem";
"Région flamande";"Espierres-Helchin";"Spiere-Helkijn";"Commune";"Flandre-Occidentale";"10,78";"2 110";196;"Helkijn, Spiere";
"Région flamande";"Essen";"Essen";"Commune";"Anvers";"47,48";"17 797";375;"Essen";
"Région flamande";"Evergem";"Evergem";"Commune";"Flandre-Orientale";"75,04";"33 112";441;"Evergem, Sleidinge, Ertvelde";
"Région flamande";"Fourons";"Voeren";"Commune";"Limbourg";"50,63";"4 194";83;"Mouland, Fouron-le-Comte, Fouron-Saint-Pierre, Fouron-Saint-Martin, Teuven, Remersdaal";
"Région flamande";"Furnes";"Veurne";"Ville";"Flandre-Occidentale";"96,34";"11 666";121;"Veurne, Avekapelle, Booitshoeke, Bulskamp, De Moeren, Eggewaartskapelle, Houtem, Steenkerke, Vinkem, Wulveringem, Zoutenaaie";
"Région flamande";"Gammerages";"Galmaarden";"Commune";"Brabant flamand";"34,93";"8 398";240;"Galmaarden, Tollembeek, Vollezele";
"Région flamande";"Gand";"Gent";"Ville";"Flandre-Orientale";"156,18";"243 366";"1 558";"Gand, Afsnee, Desteldonk, Drongen, Gentbrugge, Ledeberg, Mariakerke, Mendonk, Mont-Saint-Amand, Oostakker, Westrem-Saint-Denis, Winkel-Sainte-Croix, Wondelgem, Zwijnaarde";
"Région flamande";"Gavere";"Gavere";"Commune";"Flandre-Orientale";"31,34";"12 450";397;"Gavere, Asper, Baaigem, Dikkelvenne, Semmerzake, Vurste";
"Région flamande";"Geel";"Geel";"Ville";"Anvers";"109,85";"36 990";337;"Geel";
"Région flamande";"Geetbets";"Geetbets";"Commune";"Brabant flamand";"35,17";"5 906";168;"Geetbets, Grazen, Rummen";
"Région flamande";"Genk";"Genk";"Ville";"Limbourg";"87,85";"64 757";737;"Genk";
"Région flamande";"Gingelom";"Gingelom";"Commune";"Limbourg";"56,49";"8 121";144;"Gingelom, Boekhout, Jeuk, Cortis (Kortijs), Montenaken, Niel-bij-Sint-Truiden, Vorsen, Borlo, Buvingen, Mielen-boven-Aalst, Muizen";
"Région flamande";"Gistel";"Gistel";"Ville";"Flandre-Occidentale";"42,25";"11 727";278;"Gistel, Moere, Snaaskerke, Zevekote";
"Région flamande";"Glabbeek";"Glabbeek";"Commune";"Brabant flamand";"26,78";"5 239";196;"Bunsbeek, Glabbeek-Zuurbemde, Kapellen, Attenrode-Wever";
"Région flamande";"Gooik";"Gooik";"Commune";"Brabant flamand";"39,7";"9 015";227;"Gooik, Kester, Leerbeek, Oetingen";
"Région flamande";"Grammont";"Geraardsbergen";"Ville";"Flandre-Orientale";"79,71";"32 033";402;"Grammont, Goeferdinge, Moerbeke, Nederboelare, Onkerzele, Ophasselt, Overboelare, Viane, Zarlardinge, Grimminge, Idegem, Nieuwenhoven, Schendelbeke, Smeerebbe-Vloerzegem, Waarbeke, Zandbergen";
"Région flamande";"Grimbergen";"Grimbergen";"Commune";"Brabant flamand";"38,59";"35 169";911;"Grimbergen, Humbeek, Beigem, Strombeek-Bever";
"Région flamande";"Grobbendonk";"Grobbendonk";"Commune";"Anvers";"28,36";"10 975";387;"Grobbendonk, Bouwel";
"Région flamande";"Haacht";"Haacht";"Commune";"Brabant flamand";"30,57";"14 159";463;"Haacht, Tildonk, Kelfs, Wakkerzeel, Wespelaar";
"Région flamande";"Haaltert";"Haaltert";"Commune";"Flandre-Orientale";"30,3";"17 668";583;"Haaltert, Denderhautem, Heldergem, Kerksken";
"Région flamande";"Hal";"Halle";"Ville";"Brabant flamand";"44,4";"36 000";811;"Hal, Buizingen, Lembeek";
"Région flamande";"Halen";"Halen";"Ville";"Limbourg";"36,29";"9 136";252;"Halen, Loksbergen, Zelem";
"Région flamande";"Ham";"Ham";"Commune";"Limbourg";"32,69";"10 235";313;"Kwaadmechelen, Oostham";
"Région flamande";"Hamme";"Hamme";"Commune";"Flandre-Orientale";"40,21";"23 900";594;"Hamme, Moerzeke";
"Région flamande";"Hamont-Achel";"Hamont-Achel";"Ville";"Limbourg";"43,66";"14 094";323;"Achel, Hamont";
"Région flamande";"Harelbeke";"Harelbeke";"Ville";"Flandre-Occidentale";"29,14";"26 577";912;"Harelbeke, Bavikhove, Hulste";
"Région flamande";"Hasselt";"Hasselt";"Ville";"Limbourg";"102,24";"73 067";715;"Hasselt, Stevoort, Kuringen, Wimmertingen, Godsheide, Sint-Lambrechts-Herk";
"Région flamande";"Hautem-Saint-Liévin";"Sint-Lievens-Houtem";"Commune";"Flandre-Orientale";"26,67";"9 711";364;"Sint-Lievens-Houtem, Vlierzele, Letterhoutem, Bavegem, Zonnegem";
"Région flamande";"Hechtel-Eksel";"Hechtel-Eksel";"Commune";"Limbourg";"76,7";"11 838";154;"Hechtel, Eksel";
"Région flamande";"Heers";"Heers";"Commune";"Limbourg";"53,07";"7 018";132;"Heers, Batsheers, Gutschoven, Heks, Horpmaal, Klein-Gelmen, Mechelen-Bovelingen, Mettekoven, Opheers, Rukkelingen-Loon, Vechmaal, Veulen";
"Région flamande";"Heist-op-den-Berg";"Heist-op-den-Berg";"Commune";"Anvers";"86,46";"39 866";461;"Heist-op-den-Berg, Booischot, Hallaar, Itegem, Schriek, Wiekevorst";
"Région flamande";"Hemiksem";"Hemiksem";"Commune";"Anvers";"5,44";"10 166";"1 869";"Hemiksem";
"Région flamande";"Herck-la-Ville";"Herk-de-Stad";"Ville";"Limbourg";"42,83";"12 219";285;"Herk-de-Stad, Berbroek, Donk, Schulen";
"Région flamande";"Herent";"Herent";"Commune";"Brabant flamand";"32,73";"20 030";612;"Herent, Veltem-Beisem, Winksele";
"Région flamande";"Herentals";"Herentals";"Ville";"Anvers";"48,56";"26 759";551;"Herentals, Morkhoven, Noorderwijk";
"Région flamande";"Herenthout";"Herenthout";"Commune";"Anvers";"23,55";"8 703";370;"Herenthout";
"Région flamande";"Hérinnes";"Herne";"Commune";"Brabant flamand";"44,63";"6 573";147;"Herinnes, Herfelingen, Saint-Pierre-Cappelle";
"Région flamande";"Herselt";"Herselt";"Commune";"Anvers";"52,32";"14 247";272;"Herselt, Ramsel";
"Région flamande";"Herstappe";"Herstappe";"Commune";"Limbourg";"1,35";80;59;"Herstappe";
"Région flamande";"Herzele";"Herzele";"Commune";"Flandre-Orientale";"47,4";"17 138";362;"Herzele, Hillegem, Saint-Antelinkx, Essche-Saint-Liévin, Steenhuize-Wijnhuize, Woubrechtegem, Ressegem, Borsbeke";
"Région flamande";"Heusden-Zolder";"Heusden-Zolder";"Commune";"Limbourg";"53,23";"31 526";592;"Heusden, Zolder";
"Région flamande";"Heuvelland";"Heuvelland";"Commune";"Flandre-Occidentale";"94,24";"8 125";86;"Nieuwkerke, Mesen, De Klijte, Westouter, Kemmel, Dranouter, Loker";
"Région flamande";"Hoegaarden";"Hoegaarden";"Commune";"Brabant flamand";"33,93";"6 546";193;"Hoegaarden, Hoksem, Meldert, Outgaarden";
"Région flamande";"Hoeilaart";"Hoeilaart";"Commune";"Brabant flamand";"20,43";"10 298";504;"Hoeilaart";
"Région flamande";"Hoeselt";"Hoeselt";"Commune";"Limbourg";"30,02";"9 516";317;"Hoeselt, Romershoven, Sint-Huibrechts-Hern, Werm, Schalkhoven";
"Région flamande";"Holsbeek";"Holsbeek";"Commune";"Brabant flamand";"38,5";"9 659";251;"Holsbeek, Courtrai-Dutsel, Sint-Pieters-Rode, Nieuwrode";
"Région flamande";"Hooglede";"Hooglede";"Commune";"Flandre-Occidentale";"37,84";"9 957";263;"Hooglede, Gits";
"Région flamande";"Hoogstraten";"Hoogstraten";"Ville";"Anvers";"105,32";"19 754";188;"Hoogstraten, Meer, Minderhout, Wortel, Meerle";
"Région flamande";"Horebeke";"Horebeke";"Commune";"Flandre-Orientale";"11,2";"2 049";183;"Hoorebeke-Saint-Corneille, Hoorebeke-Sainte-Marie";
"Région flamande";"Houthalen-Helchteren";"Houthalen-Helchteren";"Commune";"Limbourg";"78,27";"30 126";385;"Houthalen, Helchteren";
"Région flamande";"Houthulst";"Houthulst";"Commune";"Flandre-Occidentale";"55,89";"9 587";172;"Houthulst, Klerken, Merkem";
"Région flamande";"Hove";"Hove";"Commune";"Anvers";"5,99";"8 199";"1 369";"Hove";
"Région flamande";"Huldenberg";"Huldenberg";"Commune";"Brabant flamand";"39,64";"9 407";237;"Huldenberg, Loonbeek, Neerijse, Ottenburg, Sint-Agatha-Rode";
"Région flamande";"Hulshout";"Hulshout";"Commune";"Anvers";"17,35";"9 864";569;"Hulshout, Houtvenne, Westmeerbeek";
"Région flamande";"Ichtegem";"Ichtegem";"Commune";"Flandre-Occidentale";"45,33";"13 839";305;"Ichtegem, Bekegem, Eernegem";
"Région flamande";"Ingelmunster";"Ingelmunster";"Commune";"Flandre-Occidentale";"16,16";"10 641";658;"Ingelmunster";
"Région flamande";"Izegem";"Izegem";"Ville";"Flandre-Occidentale";"25,48";"27 111";"1 064";"Izegem, Emelgem, Kachtem";
"Région flamande";"Jabbeke";"Jabbeke";"Commune";"Flandre-Occidentale";"53,76";"13 624";253;"Jabbeke, Snellegem, Stalhille, Varsenare, Zerkegem";
"Région flamande";"Kalmthout";"Kalmthout";"Commune";"Anvers";"59,45";"17 731";298;"Kalmthout";
"Région flamande";"Kampenhout";"Kampenhout";"Commune";"Brabant flamand";"33,49";"11 222";335;"Kampenhout, Berg, Buken, Nederokkerzeel";
"Région flamande";"Kapellen";"Kapellen";"Commune";"Anvers";"37,11";"26 427";712;"Kapellen";
"Région flamande";"Kapelle-op-den-Bos";"Kapelle-op-den-Bos";"Commune";"Brabant flamand";"15,25";"9 027";592;"Kapelle-op-den-Bos, Nieuwenrode, Ramsdonk";
"Région flamande";"Kaprijke";"Kaprijke";"Commune";"Flandre-Orientale";"33,71";"6 183";183;"Kaprijke, Lembeke";
"Région flamande";"Kasterlee";"Kasterlee";"Commune";"Anvers";"71,52";"18 136";254;"Kasterlee, Lichtaart, Tielen";
"Région flamande";"Keerbergen";"Keerbergen";"Commune";"Brabant flamand";"18,39";"12 643";687;"Keerbergen";
"Région flamande";"Kinrooi";"Kinrooi";"Commune";"Limbourg";"54,76";"12 227";223;"Kinrooi, Kessenich, Molenbeersel, Ophoven";
"Région flamande";"Kluisbergen";"Kluisbergen";"Commune";"Flandre-Orientale";"30,38";"6 436";212;"Berchem, Kwaremont, Ruien, Zulzeke";
"Région flamande";"Knesselare";"Knesselare";"Commune";"Flandre-Orientale";"37,27";"8 164";219;"Knesselare, Ursel";
"Région flamande";"Knokke-Heist";"Knokke-Heist";"Commune";"Flandre-Occidentale";"56,44";"33 825";599;"Knokke, Heist, Westkapelle, Ramskapelle";
"Région flamande";"Koekelare";"Koekelare";"Commune";"Flandre-Occidentale";"39,19";"8 423";215;"Koekelare, Bovekerke, Zande";
"Région flamande";"Kontich";"Kontich";"Commune";"Anvers";"23,67";"20 489";866;"Kontich, Waarloos";
"Région flamande";"Kortemark";"Kortemark";"Commune";"Flandre-Occidentale";55;"12 068";219;"Kortemark, Handzame, Werken";
"Région flamande";"Kortenaken";"Kortenaken";"Commune";"Brabant flamand";"49,1";"7 743";158;"Kortenaken, Ransberg, Hoeleden, Kersbeek-Miskom, Waanrode";
"Région flamande";"Kortenberg";"Kortenberg";"Commune";"Brabant flamand";"34,52";"18 937";549;"Kortenberg, Erps-Kwerps, Everberg, Meerbeek";
"Région flamande";"Kortessem";"Kortessem";"Commune";"Limbourg";"33,9";"8 318";245;"Kortessem, Vliermaalroot, Wintershoven, Guigoven, Vliermaal";
"Région flamande";"Kraainem";"Kraainem";"Commune";"Brabant flamand";"5,8";"13 368";"2 305";"Kraainem";
"Région flamande";"Kruibeke";"Kruibeke";"Commune";"Flandre-Orientale";"33,42";"15 820";473;"Kruibeke, Bazel, Rupelmonde";
"Région flamande";"Kruishoutem";"Kruishoutem";"Commune";"Flandre-Orientale";"46,76";"8 145";174;"Kruishoutem, Nokere, Wannegem-Lede";
"Région flamande";"Kuurne";"Kuurne";"Commune";"Flandre-Occidentale";"10,01";"12 902";"1 289";"Kuurne";
"Région flamande";"Laakdal";"Laakdal";"Commune";"Anvers";"42,48";"15 328";361;"Eindhout, Vorst, Varendonk, Veerle";
"Région flamande";"Laarne";"Laarne";"Commune";"Flandre-Orientale";"32,07";"12 135";378;"Laarne, Kalken";
"Région flamande";"Laethem-Saint-Martin";"Sint-Martens-Latem";"Commune";"Flandre-Orientale";"14,34";"8 326";581;"Laethem-Saint-Martin, Deurle";
"Région flamande";"Lanaken";"Lanaken";"Commune";"Limbourg";59;"25 341";430;"Lanaken, Gellik, Neerharen, Veldwezelt, Rekem";
"Région flamande";"Landen";"Landen";"Ville";"Brabant flamand";"54,05";"15 367";284;"Landen, Eliksem, Ezemaal, Laar, Neerwinden, Overwinden, Rumsdorp, Wange, Waasmont, Walsbets, Walshoutem, Wezeren, Attenhoven, Neerlanden";
"Région flamande";"Langemark-Poelkapelle";"Langemark-Poelkapelle";"Commune";"Flandre-Occidentale";"52,53";"7 829";149;"Bikschote, Langemark, Poelkapelle";
"Région flamande";"Lebbeke";"Lebbeke";"Commune";"Flandre-Orientale";"26,92";"17 989";668;"Lebbeke, Denderbelle, Wieze";
"Région flamande";"Lede";"Lede";"Commune";"Flandre-Orientale";"29,69";"17 629";594;"Lede, Impe, Oordegem, Smetlede, Wanzele";
"Région flamande";"Ledegem";"Ledegem";"Commune";"Flandre-Occidentale";"24,76";"9 530";385;"Ledegem, Rollegem-Kapelle, Sint-Eloois-Winkel";
"Région flamande";"Leeuw-Saint-Pierre";"Sint-Pieters-Leeuw";"Commune";"Brabant flamand";"40,38";"31 572";782;"Leeuw-Saint-Pierre, Oudenaken, Ruisbroek, Vlezenbeek, Sint-Laureins-Berchem";
"Région flamande";"Lendelede";"Lendelede";"Commune";"Flandre-Occidentale";"13,15";"5 589";425;"Lendelede";
"Région flamande";"Lennik";"Lennik";"Commune";"Brabant flamand";"30,8";"8 821";286;"Gaasbeek, Sint-Kwintens-Lennik, Sint-Martens-Lennik";
"Région flamande";"Lichtervelde";"Lichtervelde";"Commune";"Flandre-Occidentale";"25,93";"8 501";328;"Lichtervelde";
"Région flamande";"Liedekerke";"Liedekerke";"Commune";"Brabant flamand";"10,08";"12 354";"1 226";"Liedekerke";
"Région flamande";"Lierde";"Lierde";"Commune";"Flandre-Orientale";"26,13";"6 534";250;"Deftinge, Hemelveerdegem, Lierde-Sainte-Marie, Lierde-Saint-Martin";
"Région flamande";"Lierre";"Lier";"Ville";"Anvers";"49,7";"33 930";683;"Lierre, Koningshooikt";
"Région flamande";"Lille";"Lille";"Commune";"Anvers";"59,4";"16 213";273;"Lille, Gierle, Poederlee, Wechelderzande";
"Région flamande";"Linkebeek";"Linkebeek";"Commune";"Brabant flamand";"4,15";"4 755";"1 146";"Linkebeek";
"Région flamande";"Lint";"Lint";"Commune";"Anvers";"5,57";"8 363";"1 501";"Lint";
"Région flamande";"Linter";"Linter";"Commune";"Brabant flamand";"36,37";"7 075";195;"Drieslinter, Melkwezer, Neerhespen, Neerlinter, Orsmaal-Gussenhoven, Overhespen, Wommersom";
"Région flamande";"Lochristi";"Lochristi";"Commune";"Flandre-Orientale";"60,34";"21 386";354;"Lochristi, Beervelde, Zaffelare, Zeveneken";
"Région flamande";"Lokeren";"Lokeren";"Ville";"Flandre-Orientale";"67,5";"39 174";580;"Lokeren, Eksaarde, Daknam";
"Région flamande";"Lommel";"Lommel";"Ville";"Limbourg";"102,37";"32 917";322;"Lommel";
"Région flamande";"Londerzeel";"Londerzeel";"Commune";"Brabant flamand";"36,29";"17 655";486;"Londerzeel, Malderen, Steenhuffel";
"Région flamande";"Lo-Reninge";"Lo-Reninge";"Ville";"Flandre-Occidentale";"62,94";"3 322";53;"Lo, Noordschote, Pollinkhove, Reninge";
"Région flamande";"Louvain";"Leuven";"Ville";"Brabant flamand";"56,63";"95 463";"1 686";"Louvain, Heverlee, Kessel-Lo, Wilsele, Wijgmaal";
"Région flamande";"Lovendegem";"Lovendegem";"Commune";"Flandre-Orientale";"19,48";"9 428";484;"Lovendegem, Vinderhoute";
"Région flamande";"Lubbeek";"Lubbeek";"Commune";"Brabant flamand";"46,13";"13 772";299;"Lubbeek, Linden, Pellenberg, Binkom";
"Région flamande";"Lummen";"Lummen";"Commune";"Limbourg";"53,38";"14 293";268;"Lummen, Linkhout, Meldert";
"Région flamande";"Maarkedal";"Maarkedal";"Commune";"Flandre-Orientale";"46,63";"6 418";138;"Etikhove, Maarke-Kerkem, Nukerke, Schorisse";
"Région flamande";"Maaseik";"Maaseik";"Ville";"Limbourg";"76,94";"24 570";319;"Maaseik, Neeroeteren, Opoeteren";
"Région flamande";"Maasmechelen";"Maasmechelen";"Commune";"Limbourg";"76,28";"36 937";484;"Eisden, Leut, Mechelen-aan-de-Maas, Meeswijk, Opgrimbie, Vucht, Boorsem, Uikhoven";
"Région flamande";"Machelen";"Machelen";"Commune";"Brabant flamand";"11,59";"13 330";"1 150";"Machelen, Diegem";
"Région flamande";"Maldegem";"Maldegem";"Commune";"Flandre-Orientale";"94,64";"22 791";241;"Maldegem, Adegem, Middelburg";
"Région flamande";"Malines";"Mechelen";"Ville";"Anvers";"65,19";"80 940";"1 242";"Malines, Walem, Heffen, Hombeek, Leest, Muizen";
"Région flamande";"Malle";"Malle";"Commune";"Anvers";"51,99";"14 531";279;"Oostmalle, Westmalle";
"Région flamande";"Meerhout";"Meerhout";"Commune";"Anvers";"36,29";"9 725";268;"Meerhout";
"Région flamande";"Meeuwen-Gruitrode";"Meeuwen-Gruitrode";"Commune";"Limbourg";"91,26";"12 832";141;"Ellikom, Gruitrode, Meeuwen, Neerglabbeek, Wijshagen";
"Région flamande";"Meise";"Meise";"Commune";"Brabant flamand";"34,82";"18 382";528;"Meise, Wolvertem";
"Région flamande";"Melle";"Melle";"Commune";"Flandre-Orientale";"15,21";"10 774";708;"Melle, Gontrode";
"Région flamande";"Menin";"Menen";"Ville";"Flandre-Occidentale";"33,07";"32 530";984;"Menin, Lauwe et Rekkem";
"Région flamande";"Merchtem";"Merchtem";"Commune";"Brabant flamand";"36,72";"15 341";418;"Merchtem, Brussegem, Hamme";
"Région flamande";"Merelbeke";"Merelbeke";"Commune";"Flandre-Orientale";"36,65";"23 117";631;"Merelbeke, Bottelare, Lemberge, Melsen, Munte, Schelderode";
"Région flamande";"Merksplas";"Merksplas";"Commune";"Anvers";"44,56";"8 465";190;"Merksplas";
"Région flamande";"Messines";"Mesen";"Ville";"Flandre-Occidentale";"3,58";950;265;"Mesen";
"Région flamande";"Meulebeke";"Meulebeke";"Commune";"Flandre-Occidentale";"29,35";"11 059";377;"Meulebeke";
"Région flamande";"Middelkerke";"Middelkerke";"Commune";"Flandre-Occidentale";"75,65";"18 636";246;"Middelkerke, Wilskerke, Leffinge, Mannekensvere, Schore, Sint-Pieters-Kapelle, Slijpe, Lombardsijde, Westende";
"Région flamande";"Moerbeke";"Moerbeke";"Commune";"Flandre-Orientale";"37,8";"6 012";159;"Moerbeke";
"Région flamande";"Mol";"Mol";"Commune";"Anvers";"114,26";"34 114";299;"Mol";
"Région flamande";"Moorslede";"Moorslede";"Commune";"Flandre-Occidentale";"35,34";"10 799";306;"Moorslede, Dadizele";
"Région flamande";"Mortsel";"Mortsel";"Ville";"Anvers";"7,78";"24 737";"3 180";"Mortsel";
"Région flamande";"Nazareth";"Nazareth";"Commune";"Flandre-Orientale";"35,19";"11 204";318;"Nazareth, Eke";
"Région flamande";"Neerpelt";"Neerpelt";"Commune";"Limbourg";"42,78";"16 448";384;"Neerpelt, Sint-Huibrechts-Lille";
"Région flamande";"Nevele";"Nevele";"Commune";"Flandre-Orientale";"51,98";"11 785";227;"Nevele, Hansbeke, Landegem, Merendree, Poesele, Vosselare";
"Région flamande";"Niel";"Niel";"Commune";"Anvers";"5,27";"9 268";"1 759";"Niel";
"Région flamande";"Nieuport";"Nieuwpoort";"Ville";"Flandre-Occidentale";31;"11 267";363;"Nieuwpoort, Ramskapelle, Sint-Joris";
"Région flamande";"Nieuwerkerken";"Nieuwerkerken";"Commune";"Limbourg";"22,46";"6 732";300;"Nieuwerkerken, Binderveld, Kozen, Wijer";
"Région flamande";"Nijlen";"Nijlen";"Commune";"Anvers";"39,09";"21 572";552;"Nijlen, Bevel, Kessel";
"Région flamande";"Ninove";"Ninove";"Ville";"Flandre-Orientale";"72,57";"36 675";505;"Ninove, Appelterre-Eichem, Denderwindeke, Lieferinge, Nederhasselt, Okegem, Voorde, Pollare, Meerbeke, Neigem, Aspelare, Outer";
"Région flamande";"Olen";"Olen";"Commune";"Anvers";"23,17";"11 749";507;"Olen";
"Région flamande";"Oosterzele";"Oosterzele";"Commune";"Flandre-Orientale";"43,12";"13 334";309;"Oosterzele, Balegem, Gijzenzele, Landskouter, Moortsele, Scheldewindeke";
"Région flamande";"Oostkamp";"Oostkamp";"Commune";"Flandre-Occidentale";"79,65";"22 452";282;"Oostkamp, Hertsberge, Ruddervoorde, Waardamme";
"Région flamande";"Oostrozebeke";"Oostrozebeke";"Commune";"Flandre-Occidentale";"16,62";"7 559";455;"Oostrozebeke";
"Région flamande";"Opglabbeek";"Opglabbeek";"Commune";"Limbourg";"24,98";"10 053";402;"Opglabbeek";
"Région flamande";"Opwijk";"Opwijk";"Commune";"Brabant flamand";"19,69";"13 270";674;"Opwijk, Mazenzele";
"Région flamande";"Ostende";"Oostende";"Ville";"Flandre-Occidentale";"37,72";"69 064";"1 831";"Ostende, Stene, Zandvoorde";
"Région flamande";"Oudenburg";"Oudenburg";"Ville";"Flandre-Occidentale";"35,38";"8 972";254;"Oudenberg, Ettelgem, Roksem, Westkerke";
"Région flamande";"Oud-Heverlee";"Oud-Heverlee";"Commune";"Brabant flamand";"31,15";"11 043";355;"Oud-Heverlee, Sint-Joris-Weert, Blanden, Haasrode, Vaalbeek";
"Région flamande";"Overijse";"Overijse";"Commune";"Brabant flamand";"44,43";"24 430";550;"Overijse";
"Région flamande";"Overpelt";"Overpelt";"Commune";"Limbourg";"40,85";"14 054";344;"Overpelt";
"Région flamande";"La Panne";"De Panne";"Commune";"Flandre-Occidentale";"23,9";"10 614";444;"De Panne, Adinkerke";
"Région flamande";"Peer";"Peer";"Ville";"Limbourg";"86,95";"16 157";186;"Peer, Grote-Brogel, Kleine-Brogel, Wijchmaal";
"Région flamande";"Pepingen";"Pepingen";"Commune";"Brabant flamand";"36,05";"4 390";122;"Pepingen, Bogaarden, Heikruis, Elingen, Beert, Bellingen";
"Région flamande";"Pittem";"Pittem";"Commune";"Flandre-Occidentale";"34,42";"6 685";194;"Pittem, Egem";
"Région flamande";"Poperinge";"Poperinge";"Ville";"Flandre-Occidentale";"119,33";"19 960";167;"Poperinge, Reningelst, Krombeke, Proven, Roesbrugge-Haringe, Watou";
"Région flamande";"Putte";"Putte";"Commune";"Anvers";"34,96";"16 352";468;"Putte, Beerzel, Grasheide, Peulis";
"Région flamande";"Puurs";"Puurs";"Commune";"Anvers";"33,41";"16 538";495;"Puurs, Breendonk, Liezele, Ruisbroek";
"Région flamande";"Ranst";"Ranst";"Commune";"Anvers";"43,58";"18 253";419;"Ranst, Emblem, Oelegem, Broechem";
"Région flamande";"Ravels";"Ravels";"Commune";"Anvers";"94,99";"14 446";152;"Ravels, Weelde, Poppel";
"Région flamande";"Renaix";"Ronse";"Ville";"Flandre-Orientale";"34,48";"25 146";729;"Renaix";
"Région flamande";"Retie";"Retie";"Commune";"Anvers";"48,39";"10 741";222;"Retie";
"Région flamande";"Rhode-Saint-Genèse";"Sint-Genesius-Rode";"Commune";"Brabant flamand";"22,77";"18 029";792;"Sint-Genesius-Rode";
"Région flamande";"Riemst";"Riemst";"Commune";"Limbourg";"57,88";"16 144";279;"Riemst, Genoelselderen, Herderen, Kanne, Membruggen, Millen, Val-Meer, Vlijtingen, Vroenhoven, Zichen-Zussen-Bolder";
"Région flamande";"Rijkevorsel";"Rijkevorsel";"Commune";"Anvers";"46,79";"11 259";241;"Rijkevorsel";
"Région flamande";"Roosdaal";"Roosdaal";"Commune";"Brabant flamand";"21,69";"11 163";515;"Roosdaal, Borchtlombeek, Lombeek-Notre-Dame, Pamel, Strijtem";
"Région flamande";"Rotselaar";"Rotselaar";"Commune";"Brabant flamand";"37,57";"15 524";413;"Rotselaar, Wezemaal, Werchter";
"Région flamande";"Roulers";"Roeselare";"Ville";"Flandre-Occidentale";"59,79";"57 432";961;"Roulers, Beveren, Oekene, Rumbeke";
"Région flamande";"Ruiselede";"Ruiselede";"Commune";"Flandre-Occidentale";"30,2";"5 177";171;"Ruiselede";
"Région flamande";"Rumst";"Rumst";"Commune";"Anvers";"19,9";"14 612";734;"Rumst, Reet, Terhagen";
"Région flamande";"Saint-Amand";"Sint-Amands";"Commune";"Anvers";"15,58";"8 069";518;"Sint-Amands, Lippelo, Oppuurs";
"Région flamande";"Saint-Gilles-Waes";"Sint-Gillis-Waas";"Commune";"Flandre-Orientale";"54,98";"18 501";337;"Saint-Gilles-Waes, De Klinge, Meerdonk, Saint-Paul";
"Région flamande";"Saint-Laurent";"Sint-Laureins";"Commune";"Flandre-Orientale";"74,5";"6 604";89;"Saint-Laurent, Watervliet, Saint-Jean-in-Eremo, Sainte-Marguerite, Waterland-Oudeman";
"Région flamande";"Saint-Nicolas";"Sint-Niklaas";"Ville";"Flandre-Orientale";"83,8";"71 806";857;"Sinaai, Nieuwkerken-Waas, Belsele";
"Région flamande";"Saint-Trond";"Sint-Truiden";"Ville";"Limbourg";"106,9";"39 309";368;"Saint-Trond, Alost, Brustem, Duras, Engelmanshoven, Gelinden, Gorsem, Groot-Gelmen, Halmaal, Kerkom-bij-Sint-Truiden, Ordingen, Runkelen, Velm, Wilderen, Zepperen";
"Région flamande";"Schelle";"Schelle";"Commune";"Anvers";"7,8";"8 104";"1 039";"Schelle";
"Région flamande";"Scherpenheuvel-Zichem";"Scherpenheuvel-Zichem";"Ville";"Brabant flamand";"50,5";"22 553";447;"Scherpenheuvel, Averbode, Zichem, Messelbroek, Testelt";
"Région flamande";"Schilde";"Schilde";"Commune";"Anvers";"35,99";"19 496";542;"Schilde, 's-Gravenwezel";
"Région flamande";"Schoten";"Schoten";"Commune";"Anvers";"29,55";"33 342";"1 128";"Schoten";
"Région flamande";"Stabroek";"Stabroek";"Commune";"Anvers";"21,51";"17 966";835;"Stabroek, Hoevenen";
"Région flamande";"Staden";"Staden";"Commune";"Flandre-Occidentale";"46,24";"11 053";239;"Staden, Oostnieuwkerke, Westrozebeke";
"Région flamande";"Steenokkerzeel";"Steenokkerzeel";"Commune";"Brabant flamand";"23,46";"11 435";487;"Steenokkerzeel, Melsbroek, Perk";
"Région flamande";"Stekene";"Stekene";"Commune";"Flandre-Orientale";"44,8";"17 350";387;"Stekene, Kemzeke";
"Région flamande";"Tamise";"Temse";"Commune";"Flandre-Orientale";"39,92";"28 147";705;"Tamise, Elversele, Steendorp, Tielrode";
"Région flamande";"Termonde";"Dendermonde";"Ville";"Flandre-Orientale";"55,67";"44 095";792;"Termonde, Appels, Baasrode, Grembergen, Mespelare, Oudegem, Schoonaarde, Saint-Gilles-lez-Termonde";
"Région flamande";"Ternat";"Ternat";"Commune";"Brabant flamand";"24,48";"15 006";613;"Ternat, Sint-Katherina-Lombeek, Wambeek";
"Région flamande";"Tervuren";"Tervuren";"Commune";"Brabant flamand";"32,92";"21 165";643;"Tervuren, Duisburg, Vossem";
"Région flamande";"Tessenderlo";"Tessenderlo";"Commune";"Limbourg";"51,35";"17 685";344;"Tessenderlo";
"Région flamande";"Tielt";"Tielt";"Ville";"Flandre-Occidentale";"68,5";"19 647";287;"Tielt, Aarsele, Kanegem, Schuiferskapelle";
"Région flamande";"Tielt-Winge";"Tielt-Winge";"Commune";"Brabant flamand";"44,16";"10 391";235;"Houwaart, Meensel-Kiezegem, Sint-Joris-Winge, Tielt";
"Région flamande";"Tirlemont";"Tienen";"Ville";"Brabant flamand";"71,77";"32 552";454;"Tienen, Bost, Goetsenhoven, Hakendover, Kumtich, Oorbeek, Oplinter, Sint-Margriete-Houtem";
"Région flamande";"Tongres";"Tongeren";"Ville";"Limbourg";"87,56";"30 042";343;"Tongres, Berg, Diets-Heur, Henis, 's Herenelderen, Koninksem, Lauw, Mal, Neerrepen, Nerem, Overrepen, Piringen, Riksingen, Rutten, Sluizen, Vreren, Widooie";
"Région flamande";"Torhout";"Torhout";"Ville";"Flandre-Occidentale";"45,23";"19 885";440;"Torhout";
"Région flamande";"Tremelo";"Tremelo";"Commune";"Brabant flamand";"21,57";"14 367";666;"Tremelo, Baal";
"Région flamande";"Turnhout";"Turnhout";"Ville";"Anvers";"56,06";"40 763";727;"Turnhout";
"Région flamande";"Vieux-Turnhout";"Oud-Turnhout";"Commune";"Anvers";"38,8";"12 872";332;"Oud-Turnhout";
"Région flamande";"Vilvorde";"Vilvoorde";"Ville";"Brabant flamand";"21,48";"39 628";"1 845";"Vilvoorde, Peutie";
"Région flamande";"Vleteren";"Vleteren";"Commune";"Flandre-Occidentale";"38,15";"3 676";96;"Oostvleteren, Westvleteren, Woesten";
"Région flamande";"Vorselaar";"Vorselaar";"Commune";"Anvers";"27,62";"7 526";272;"Vorselaar";
"Région flamande";"Vosselaar";"Vosselaar";"Commune";"Anvers";"11,85";"10 300";869;"Vosselaar";
"Région flamande";"Waarschoot";"Waarschoot";"Commune";"Flandre-Orientale";"21,91";"7 895";360;"Waarschoot";
"Région flamande";"Waasmunster";"Waasmunster";"Commune";"Flandre-Orientale";"31,93";"10 415";326;"Waasmunster";
"Région flamande";"Wachtebeke";"Wachtebeke";"Commune";"Flandre-Orientale";"34,53";"7 068";205;"Wachtebeke";
"Région flamande";"Waregem";"Waregem";"Ville";"Flandre-Occidentale";"44,34";"36 306";819;"Beveren, Desselgem, Vive-Saint-Éloi";
"Région flamande";"Wavre-Sainte-Catherine";"Sint-Katelijne-Waver";"Commune";"Anvers";"36,12";"20 149";558;"Wavre-Saint-Catherine, Wavre-Notre-Dame";
"Région flamande";"Wellen";"Wellen";"Commune";"Limbourg";"26,72";"7 356";275;"Wellen, Berlingen, Herten, Ulbeek";
"Région flamande";"Wemmel";"Wemmel";"Commune";"Brabant flamand";"8,74";"15 156";"1 734";"Wemmel";
"Région flamande";"Wervik";"Wervik";"Ville";"Flandre-Occidentale";"43,61";"18 134";416;"Wervik, Geluwe";
"Région flamande";"Westerlo";"Westerlo";"Commune";"Anvers";"55,13";"23 896";433;"Westerlo, Oevel, Tongerlo, Zoerle-Parwijs";
"Région flamande";"Wetteren";"Wetteren";"Commune";"Flandre-Orientale";"36,68";"23 551";642;"Wetteren, Massemen, Westrem";
"Région flamande";"Wevelgem";"Wevelgem";"Commune";"Flandre-Occidentale";"38,76";"30 975";799;"Gullegem, Moorsele";
"Région flamande";"Wezembeek-Oppem";"Wezembeek-Oppem";"Commune";"Brabant flamand";"6,82";"13 682";"2 006";"Wezembeek-Oppem";
"Région flamande";"Wichelen";"Wichelen";"Commune";"Flandre-Orientale";"22,87";"11 242";492;"Wichelen, Schellebelle, Serskamp";
"Région flamande";"Wielsbeke";"Wielsbeke";"Commune";"Flandre-Occidentale";"21,76";"9 152";421;"Wielsbeke, Ooigem, Sint-Baafs-Vijve";
"Région flamande";"Wijnegem";"Wijnegem";"Commune";"Anvers";"7,86";"8 984";"1 143";"Wijnegem";
"Région flamande";"Willebroek";"Willebroek";"Commune";"Anvers";"27,41";"24 204";883;"Willebroek, Blaasveld, Heindonk, Tisselt";
"Région flamande";"Wingene";"Wingene";"Commune";"Flandre-Occidentale";"68,42";"13 688";200;"Wingene, Zwevezele";
"Région flamande";"Wommelgem";"Wommelgem";"Commune";"Anvers";"13,01";"12 334";948;"Wommelgem";
"Région flamande";"Wortegem-Petegem";"Wortegem-Petegem";"Commune";"Flandre-Orientale";"41,96";"6 264";149;"Elsegem, Moregem, Ooike, Petegem-aan-de-Schelde, Wortegem";
"Région flamande";"Wuustwezel";"Wuustwezel";"Commune";"Anvers";"89,43";"19 213";215;"Wuustwezel, Gooreind";
"Région flamande";"Ypres";"Ieper";"Ville";"Flandre-Occidentale";"130,61";"34 962";268;"Ypres, Boezinge, Brielen, Dikkebus, Elverdinge, Hollebeke, Sint-Jan, Vlamertinge, Voormezele,Zillebeke, Zuidschote";
"Région flamande";"Zandhoven";"Zandhoven";"Commune";"Anvers";"40,1";"12 387";309;"Zandhoven, Massenhoven";
"Région flamande";"Zaventem";"Zaventem";"Commune";"Brabant flamand";"27,62";"30 446";"1 102";"Zaventem, Nossegem, Woluwe-Saint-Étienne, Sterrebeek";
"Région flamande";"Zedelgem";"Zedelgem";"Commune";"Flandre-Occidentale";"60,34";"22 180";368;"Aartrijke, Loppem, Veldegem, Zedelgem";
"Région flamande";"Zele";"Zele";"Commune";"Flandre-Orientale";"33,06";"20 544";621;"Zele";
"Région flamande";"Zelzate";"Zelzate";"Commune";"Flandre-Orientale";"13,71";"12 494";911;"Zelzate";
"Région flamande";"Zemst";"Zemst";"Commune";"Brabant flamand";"42,85";"21 928";512;"Zemst, Eppegem, Elewijt";
"Région flamande";"Zingem";"Zingem";"Commune";"Flandre-Orientale";"23,94";"7 130";298;"Zingem, Huise, Auwegem";
"Région flamande";"Zoersel";"Zoersel";"Commune";"Anvers";"38,65";"21 265";550;"Zoersel, Sint-Antonius, Halle";
"Région flamande";"Zomergem";"Zomergem";"Commune";"Flandre-Orientale";"38,78";"8 172";211;"Zomergem, Oostwinkel, Ronsele";
"Région flamande";"Zonhoven";"Zonhoven";"Commune";"Limbourg";"39,34";"20 570";523;"Zonhoven";
"Région flamande";"Zonnebeke";"Zonnebeke";"Commune";"Flandre-Occidentale";"67,57";"12 192";180;"Zonnebeke, Beselare, Geluveld, Passendale, Zandvoorde";
"Région flamande";"Zottegem";"Zottegem";"Ville";"Flandre-Orientale";"56,66";"24 882";439;"Zottegem, Elene, Erwetegem, Godveerdegem, Grotenberge, Leeuwergem, Sint-Goriks-Oudenhove, Strijpen, Velzeke-Ruddershove, Oombergen, Sint-Maria-Oudenhove";
"Région flamande";"Zoutleeuw";"Zoutleeuw";"Ville";"Brabant flamand";"46,73";"8 195";175;"Zoutleeuw, Budingen, Dormaal, Halle-Booienhoven, Helen-Bos";
"Région flamande";"Zuienkerke";"Zuienkerke";"Commune";"Flandre-Occidentale";"48,86";"2 796";57;"Zuienkerke, Meetkerke, Houtave, Nieuwmunster";
"Région flamande";"Zulte";"Zulte";"Commune";"Flandre-Orientale";"32,52";"14 958";460;"Zulte, Machelen, Olsene";
"Région flamande";"Zutendaal";"Zutendaal";"Commune";"Limbourg";"32,07";"7 009";219;"Zutendaal";
"Région flamande";"Zwalm";"Zwalm";"Commune";"Flandre-Orientale";"33,82";"8 062";238;"Beerlegem, Dikkele, Hundelgem, Meilegem, Munkzwalm, Paulatem, Roborst, Rozebeke, Boucle-Saint-Blaise, Boucle-Saint-Denis, Sint-Maria-Latem, Nederzwalm-Hermelgem";
"Région flamande";"Zwevegem";"Zwevegem";"Commune";"Flandre-Occidentale";"63,24";"24 113";381;"Zwevegem, Heestert, Moen, Otegem, Sint-Denijs";
"Région flamande";"Zwijndrecht";"Zwijndrecht";"Commune";"Anvers";"17,82";"18 573";"1 042";"Zwijndrecht, Burcht";
